frame,timestamp_s,phase,flag,image,left_camera_R,left_camera_G,left_camera_B,left_camera_hue_deg,middle_camera_R,middle_camera_G,middle_camera_B,middle_camera_hue_deg,right_camera_R,right_camera_G,right_camera_B,right_camera_hue_deg
0,0.004200,held_01,,frames/frame_0000_00.004200s.jpg,72.5,255.0,247.5,177.53,10.5,178.5,255.0,198.77,158.0,131.0,255.0,253.06
1,0.020833,held_01,,frames/frame_0001_00.020833s.jpg,130.5,254.5,255.0,180.24,11.5,197.5,255.0,194.17,143.5,125.5,255.0,248.34
2,0.037467,held_01,,frames/frame_0002_00.037467s.jpg,139.5,255.0,255.0,180.0,12.0,185.0,255.0,197.28,150.0,131.5,255.0,248.99
3,0.054100,held_01,,frames/frame_0003_00.054100s.jpg,139.0,255.0,255.0,180.0,23.5,217.5,255.0,189.72,150.5,134.0,255.0,248.18
4,0.070733,held_01,,frames/frame_0004_00.070733s.jpg,79.5,255.0,249.5,178.12,16.0,224.0,255.0,187.78,161.5,155.0,255.0,243.9
5,0.087367,held_01,,frames/frame_0005_00.087367s.jpg,69.5,255.0,248.5,177.9,17.5,231.5,255.0,185.94,169.5,158.5,255.0,246.84
6,0.104000,held_01,,frames/frame_0006_00.104000s.jpg,59.5,255.0,246.5,177.39,9.5,193.0,255.0,195.15,168.5,157.0,255.0,247.04
7,0.120633,held_01,,frames/frame_0007_00.120633s.jpg,60.0,255.0,252.5,179.23,12.5,201.0,255.0,193.36,178.5,155.5,255.0,253.87
8,0.137267,held_01,,frames/frame_0008_00.137267s.jpg,97.0,255.0,255.0,180.0,13.5,210.0,255.0,191.18,138.0,113.5,255.0,250.39
9,0.153900,held_01,,frames/frame_0009_00.153900s.jpg,120.5,255.0,255.0,180.0,13.5,207.5,255.0,191.8,137.0,105.5,255.0,252.64
10,0.170533,held_01,,frames/frame_0010_00.170533s.jpg,136.5,255.0,255.0,180.0,15.5,208.5,255.0,191.65,146.5,119.5,255.0,251.96
11,0.187167,held_01,,frames/frame_0011_00.187167s.jpg,132.0,255.0,255.0,180.0,16.0,221.5,255.0,188.41,147.5,125.5,255.0,250.19
12,0.203800,held_01,,frames/frame_0012_00.203800s.jpg,51.0,255.0,244.5,176.91,18.0,230.5,255.0,186.2,154.5,139.0,255.0,248.02
13,0.220433,held_01,,frames/frame_0013_00.220433s.jpg,53.0,255.0,250.5,178.66,16.0,234.0,255.0,185.27,160.0,137.5,255.0,251.49
14,0.237067,held_01,,frames/frame_0014_00.237067s.jpg,45.0,255.0,252.0,179.14,16.0,212.0,255.0,190.79,159.5,130.5,255.0,253.98
15,0.253700,held_01,,frames/frame_0015_00.253700s.jpg,71.5,255.0,248.5,177.87,16.5,206.5,255.0,192.2,162.5,138.5,255.0,252.36
16,0.270333,held_01,,frames/frame_0016_00.270333s.jpg,89.0,255.0,255.0,180.0,13.5,201.5,255.0,193.29,135.5,103.0,255.0,252.83
17,0.286967,held_01,,frames/frame_0017_00.286967s.jpg,108.0,255.0,255.0,180.0,11.0,194.5,255.0,194.88,132.0,100.0,255.0,252.39
18,0.303600,held_01,,frames/frame_0018_00.303600s.jpg,129.0,255.0,255.0,180.0,17.0,214.0,255.0,190.34,134.5,104.0,255.0,252.12
19,0.320233,held_01,,frames/frame_0019_00.320233s.jpg,108.0,255.0,255.0,180.0,18.0,224.5,255.0,187.72,137.5,110.0,255.0,251.38
20,0.336867,held_01,,frames/frame_0020_00.336867s.jpg,62.5,255.0,255.0,180.0,14.5,218.5,255.0,189.11,134.0,121.5,255.0,245.62
21,0.353500,held_01,,frames/frame_0021_00.353500s.jpg,50.0,255.0,251.0,178.83,12.0,211.0,255.0,190.86,140.5,120.0,255.0,249.11
22,0.370133,held_01,,frames/frame_0022_00.370133s.jpg,50.5,255.0,252.5,179.27,14.5,202.0,255.0,193.22,156.0,141.0,255.0,247.89
23,0.386767,held_01,,frames/frame_0023_00.386767s.jpg,66.5,255.0,255.0,180.0,17.5,196.0,255.0,194.91,172.0,148.5,255.0,253.24
24,0.403400,held_01,,frames/frame_0024_00.403400s.jpg,90.5,255.0,253.5,179.45,17.5,200.0,255.0,193.89,161.5,128.0,255.0,255.83
25,0.420033,held_01,,frames/frame_0025_00.420033s.jpg,100.0,255.0,254.5,179.81,13.0,184.0,255.0,197.6,150.5,127.0,255.0,251.02
26,0.436667,held_02,mixed_transition,frames/frame_0026_00.436667s.jpg,250.5,236.0,255.0,285.79,255.0,141.0,106.0,14.09,241.5,255.0,82.0,64.68
27,0.453300,held_02,,frames/frame_0027_00.453300s.jpg,255.0,122.0,255.0,300.0,255.0,140.0,104.0,14.3,244.0,255.0,94.5,64.11
28,0.469933,held_02,,frames/frame_0028_00.469933s.jpg,255.0,114.0,253.5,300.64,255.0,139.0,103.5,14.06,253.5,255.0,166.0,61.01
29,0.486567,held_02,,frames/frame_0029_00.486567s.jpg,255.0,117.0,255.0,300.0,255.0,127.5,99.0,10.96,255.0,255.0,159.0,60.0
30,0.503200,held_02,,frames/frame_0030_00.503200s.jpg,255.0,116.5,255.0,300.0,255.0,125.5,101.5,9.38,255.0,255.0,190.0,60.0
31,0.519833,held_02,,frames/frame_0031_00.519833s.jpg,255.0,117.0,255.0,300.0,255.0,122.5,100.5,8.54,255.0,255.0,166.5,60.0
32,0.553078,held_02,,frames/frame_0032_00.553078s.jpg,255.0,125.5,255.0,300.0,255.0,131.5,102.0,11.57,243.5,255.0,100.0,64.45
33,0.569711,held_02,,frames/frame_0033_00.569711s.jpg,254.5,131.5,255.0,299.76,255.0,149.5,102.0,18.63,245.5,255.0,96.5,63.6
34,0.586344,held_02,,frames/frame_0034_00.586344s.jpg,255.0,136.0,255.0,300.0,255.0,152.5,104.5,19.14,243.0,255.0,100.5,64.66
35,0.602978,held_02,,frames/frame_0035_00.602978s.jpg,254.5,112.0,253.0,300.63,255.0,151.0,102.5,19.08,252.0,255.0,159.0,61.88
36,0.619611,held_02,,frames/frame_0036_00.619611s.jpg,251.5,112.5,249.0,301.08,255.0,120.5,102.5,7.08,252.0,255.0,162.5,61.95
37,0.636244,held_02,,frames/frame_0037_00.636244s.jpg,251.5,114.0,251.0,300.22,255.0,124.0,101.5,8.79,253.0,255.0,168.5,61.39
38,0.652878,held_02,,frames/frame_0038_00.652878s.jpg,255.0,118.5,251.0,301.76,255.0,127.5,104.0,9.34,255.0,255.0,148.5,60.0
39,0.669511,held_02,,frames/frame_0039_00.669511s.jpg,255.0,130.5,255.0,300.0,255.0,127.5,104.5,9.17,243.5,255.0,105.5,64.62
40,0.686144,held_02,,frames/frame_0040_00.686144s.jpg,255.0,128.5,255.0,300.0,255.0,139.0,104.0,13.91,243.5,255.0,107.5,64.68
41,0.702778,held_02,,frames/frame_0041_00.702778s.jpg,255.0,135.0,255.0,300.0,255.0,140.5,101.0,15.39,240.5,255.0,110.0,66.0
42,0.719411,held_02,,frames/frame_0042_00.719411s.jpg,255.0,135.0,255.0,300.0,255.0,137.5,101.0,14.22,248.5,255.0,129.5,63.11
43,0.736044,held_02,,frames/frame_0043_00.736044s.jpg,255.0,113.0,255.0,300.0,255.0,150.0,100.5,19.22,253.0,255.0,170.0,61.41
44,0.752678,held_02,,frames/frame_0044_00.752678s.jpg,255.0,112.0,255.0,300.0,255.0,124.0,101.5,8.79,252.0,255.0,184.5,62.55
45,0.769311,held_02,,frames/frame_0045_00.769311s.jpg,255.0,113.0,255.0,300.0,255.0,122.5,104.5,7.18,252.5,255.0,168.5,61.73
46,0.785944,held_02,,frames/frame_0046_00.785944s.jpg,255.0,109.5,255.0,300.0,255.0,124.5,103.5,8.32,247.5,255.0,136.5,63.8
47,0.802578,held_02,,frames/frame_0047_00.802578s.jpg,255.0,130.0,255.0,300.0,255.0,122.5,105.0,7.0,245.5,254.0,116.5,63.71
48,0.819211,held_02,,frames/frame_0048_00.819211s.jpg,255.0,134.5,255.0,300.0,255.0,140.0,98.0,16.05,241.5,254.5,115.5,65.61
49,0.835844,held_02,,frames/frame_0049_00.835844s.jpg,255.0,138.0,255.0,300.0,255.0,149.0,99.0,19.23,246.5,255.0,107.5,63.46
50,0.852478,held_02,,frames/frame_0050_00.852478s.jpg,255.0,116.5,255.0,300.0,255.0,139.5,97.0,16.14,255.0,255.0,144.5,60.0
51,0.869111,held_02,,frames/frame_0051_00.869111s.jpg,255.0,108.5,254.5,300.2,255.0,145.5,97.0,18.42,255.0,255.0,182.5,60.0
52,0.885744,held_02,,frames/frame_0052_00.885744s.jpg,255.0,109.5,255.0,300.0,255.0,129.0,100.5,11.07,255.0,255.0,186.0,60.0
53,0.902378,held_02,,frames/frame_0053_00.902378s.jpg,255.0,115.5,255.0,300.0,255.0,128.5,104.0,9.74,254.0,255.0,195.0,61.0
54,0.919011,held_02,,frames/frame_0054_00.919011s.jpg,255.0,121.0,255.0,300.0,255.0,129.0,102.0,10.59,249.5,255.0,128.0,62.6
55,0.952256,held_02,,frames/frame_0055_00.952256s.jpg,255.0,135.5,255.0,300.0,255.0,143.0,99.5,16.78,250.5,255.0,125.5,62.08
56,0.968889,held_03,,frames/frame_0056_00.968889s.jpg,72.5,255.0,198.5,161.42,50.0,254.0,255.0,180.29,83.0,150.5,255.0,216.45
57,0.985522,held_03,,frames/frame_0057_00.985522s.jpg,69.5,255.0,176.5,154.61,50.5,254.0,255.0,180.29,82.5,165.0,255.0,211.3
58,1.002156,held_03,,frames/frame_0058_01.002156s.jpg,52.0,255.0,157.0,151.03,35.5,254.5,254.5,180.0,92.5,179.5,255.0,207.88
59,1.018789,held_03,,frames/frame_0059_01.018789s.jpg,67.0,255.0,156.0,148.4,20.5,252.0,255.0,180.77,97.5,170.5,255.0,212.19
60,1.035422,held_03,,frames/frame_0060_01.035422s.jpg,81.0,255.0,171.5,151.21,16.5,252.5,255.0,180.63,98.0,161.5,255.0,215.73
61,1.052056,held_03,,frames/frame_0061_01.052056s.jpg,95.0,255.0,205.5,161.44,18.5,253.0,255.0,180.51,94.0,166.0,255.0,213.17
62,1.068689,held_03,,frames/frame_0062_01.068689s.jpg,124.0,255.0,220.5,164.2,17.5,252.5,255.0,180.63,82.0,164.5,255.0,211.39
63,1.118578,held_03,,frames/frame_0063_01.118578s.jpg,70.0,255.0,173.0,153.41,62.5,255.0,255.0,180.0,81.5,197.0,255.0,200.06
64,1.135211,held_03,,frames/frame_0064_01.135211s.jpg,57.5,255.0,163.5,152.2,76.5,255.0,255.0,180.0,89.5,176.5,255.0,208.46
65,1.151844,held_03,,frames/frame_0065_01.151844s.jpg,59.0,255.0,167.0,153.06,19.5,252.0,254.5,180.64,97.5,191.5,255.0,204.19
66,1.168478,held_03,,frames/frame_0066_01.168478s.jpg,71.5,255.0,175.0,153.84,19.5,253.5,255.0,180.38,95.5,145.5,255.0,221.19
67,1.185111,held_03,,frames/frame_0067_01.185111s.jpg,123.5,255.0,215.0,161.75,18.0,253.5,255.0,180.38,87.5,140.0,255.0,221.19
68,1.201744,held_03,,frames/frame_0068_01.201744s.jpg,144.0,255.0,219.5,160.81,21.5,254.0,255.0,180.26,81.0,148.0,255.0,216.9
69,1.218378,held_03,,frames/frame_0069_01.218378s.jpg,148.0,255.0,221.0,160.93,63.5,255.0,255.0,180.0,82.0,160.5,255.0,212.77
70,1.235011,held_03,,frames/frame_0070_01.235011s.jpg,136.0,255.0,230.0,167.39,60.5,255.0,255.0,180.0,81.5,160.0,255.0,212.85
71,1.251644,held_03,,frames/frame_0071_01.251644s.jpg,66.5,255.0,163.5,150.88,67.0,255.0,255.0,180.0,86.5,189.5,255.0,203.32
72,1.268278,held_03,,frames/frame_0072_01.268278s.jpg,69.0,255.0,166.5,151.45,69.0,255.0,255.0,180.0,91.5,199.0,255.0,200.55
73,1.284911,held_03,,frames/frame_0073_01.284911s.jpg,61.5,255.0,180.0,156.74,20.5,254.5,255.0,180.13,95.0,202.5,255.0,199.69
74,1.301544,held_03,,frames/frame_0074_01.301544s.jpg,68.5,255.0,147.0,145.25,20.5,253.5,254.5,180.26,92.0,177.5,255.0,208.53
75,1.318178,held_03,,frames/frame_0075_01.318178s.jpg,88.5,255.0,203.5,161.44,21.5,253.5,255.0,180.39,103.0,146.0,255.0,223.03
76,1.334811,held_03,,frames/frame_0076_01.334811s.jpg,111.0,255.0,210.0,161.25,24.5,254.0,255.0,180.26,90.5,170.5,255.0,210.82
77,1.351444,held_03,,frames/frame_0077_01.351444s.jpg,105.5,255.0,209.0,161.54,64.0,255.0,255.0,180.0,91.0,158.5,255.0,215.3
78,1.368078,held_03,,frames/frame_0078_01.368078s.jpg,123.5,255.0,232.0,169.51,84.0,255.0,255.0,180.0,85.5,159.0,255.0,213.98
79,1.384711,held_03,,frames/frame_0079_01.384711s.jpg,55.5,255.0,161.5,151.88,80.0,255.0,255.0,180.0,87.5,181.5,255.0,206.33
80,1.401344,held_03,,frames/frame_0080_01.401344s.jpg,61.5,255.0,160.5,150.7,67.5,255.0,255.0,180.0,99.0,154.5,255.0,218.65
81,1.417978,held_03,,frames/frame_0081_01.417978s.jpg,63.0,255.0,161.0,150.62,22.0,254.0,255.0,180.26,94.0,154.5,255.0,217.45
82,1.434611,held_03,,frames/frame_0082_01.434611s.jpg,69.5,255.0,164.5,150.73,18.0,254.0,255.0,180.25,102.5,179.0,255.0,209.9
83,1.451244,held_03,,frames/frame_0083_01.451244s.jpg,125.0,255.0,224.5,165.92,19.0,253.5,255.0,180.38,103.5,168.0,255.0,214.46
84,1.467878,held_03,,frames/frame_0084_01.467878s.jpg,115.5,255.0,214.5,162.58,20.5,255.0,255.0,180.0,89.0,166.0,255.0,212.17
85,1.484511,held_04,mixed_transition,frames/frame_0085_01.484511s.jpg,189.0,255.0,255.0,180.0,170.5,253.0,255.0,181.42,86.0,168.0,255.0,210.89
86,1.501144,held_04,,frames/frame_0086_01.501144s.jpg,255.0,163.0,255.0,300.0,255.0,98.5,218.0,314.19,255.0,186.5,92.0,34.79
87,1.517778,held_04,,frames/frame_0087_01.517778s.jpg,230.0,138.0,255.0,287.18,255.0,96.5,218.0,314.01,255.0,208.5,89.5,43.14
88,1.534411,held_04,,frames/frame_0088_01.534411s.jpg,213.0,135.5,255.0,278.91,255.0,92.0,207.0,317.67,255.0,207.0,89.0,42.65
89,1.551044,held_04,,frames/frame_0089_01.551044s.jpg,224.5,138.0,255.0,284.36,255.0,88.0,199.0,320.12,255.0,209.0,87.5,43.52
90,1.567678,held_04,,frames/frame_0090_01.567678s.jpg,209.5,134.5,255.0,277.34,255.0,84.5,199.0,319.71,255.0,209.0,79.0,44.32
91,1.584311,held_04,,frames/frame_0091_01.584311s.jpg,255.0,156.5,255.0,300.0,253.5,83.5,196.5,320.12,255.0,181.0,85.0,33.88
92,1.600944,held_04,,frames/frame_0092_01.600944s.jpg,244.5,150.0,255.0,294.0,255.0,91.0,214.5,314.82,255.0,181.0,82.5,34.26
93,1.617578,held_04,,frames/frame_0093_01.617578s.jpg,250.0,161.5,255.0,296.79,255.0,104.0,218.5,314.5,255.0,181.0,85.5,33.81
94,1.634211,held_04,,frames/frame_0094_01.634211s.jpg,253.5,159.5,255.0,299.06,255.0,102.5,218.0,314.56,255.0,184.5,86.5,34.9
95,1.650844,held_04,,frames/frame_0095_01.650844s.jpg,239.5,143.5,255.0,291.66,255.0,102.5,217.5,314.75,255.0,192.5,84.0,38.07
96,1.667478,held_04,,frames/frame_0096_01.667478s.jpg,236.5,141.0,255.0,290.26,255.0,90.5,201.0,319.7,255.0,206.5,82.0,43.18
97,1.684111,held_04,,frames/frame_0097_01.684111s.jpg,242.5,142.0,255.0,293.36,255.0,94.5,207.5,317.76,255.0,199.0,88.0,39.88
98,1.700744,held_04,,frames/frame_0098_01.700744s.jpg,243.5,146.0,255.0,293.67,254.5,86.0,202.5,318.52,255.0,199.5,95.0,39.19
99,1.717378,held_04,,frames/frame_0099_01.717378s.jpg,253.0,167.0,255.0,298.64,255.0,90.5,202.5,319.15,255.0,186.5,93.0,34.63
100,1.734011,held_04,,frames/frame_0100_01.734011s.jpg,255.0,171.5,255.0,300.0,255.0,100.5,224.0,312.04,255.0,184.5,94.5,33.64
101,1.750644,held_04,,frames/frame_0101_01.750644s.jpg,253.0,167.5,255.0,298.63,255.0,112.0,230.5,310.28,255.0,187.5,89.5,35.53
102,1.767278,held_04,,frames/frame_0102_01.767278s.jpg,255.0,166.0,255.0,300.0,255.0,109.5,227.5,311.34,255.0,187.5,88.0,35.75
103,1.783911,held_04,,frames/frame_0103_01.783911s.jpg,231.5,143.5,255.0,287.35,255.0,110.0,227.5,311.38,255.0,209.0,79.0,44.32
104,1.800544,held_04,,frames/frame_0104_01.800544s.jpg,228.0,143.5,255.0,285.47,255.0,93.5,206.0,318.2,255.0,207.0,84.5,43.11
105,1.817178,held_04,,frames/frame_0105_01.817178s.jpg,239.0,146.0,255.0,291.19,255.0,94.0,210.5,316.58,255.0,205.0,84.5,42.4
106,1.833811,held_04,,frames/frame_0106_01.833811s.jpg,242.0,144.0,255.0,292.97,255.0,94.5,206.5,318.13,255.0,184.0,81.0,35.52
107,1.850444,held_04,,frames/frame_0107_01.850444s.jpg,255.0,171.5,255.0,300.0,255.0,91.5,206.5,317.8,255.0,181.0,81.0,34.48
108,1.867078,held_04,,frames/frame_0108_01.867078s.jpg,255.0,166.5,255.0,300.0,255.0,108.0,229.5,310.41,255.0,188.0,87.0,36.07
109,1.883711,held_04,,frames/frame_0109_01.883711s.jpg,252.5,170.5,255.0,298.22,255.0,114.5,223.0,313.67,255.0,185.5,89.5,34.8
110,1.900344,held_04,,frames/frame_0110_01.900344s.jpg,248.5,159.0,255.0,295.94,255.0,114.5,225.5,312.6,255.0,195.0,87.0,38.57
111,1.916978,held_04,,frames/frame_0111_01.916978s.jpg,242.5,148.0,255.0,292.99,255.0,113.5,230.0,310.6,255.0,199.5,87.0,40.18
112,1.933611,held_04,,frames/frame_0112_01.933611s.jpg,235.0,143.5,255.0,289.24,255.0,97.0,212.0,316.33,255.0,201.0,77.5,41.75
113,1.950244,held_04,,frames/frame_0113_01.950244s.jpg,241.5,145.0,255.0,292.64,255.0,101.5,210.5,317.39,255.0,200.0,72.0,41.97
114,1.966878,held_04,,frames/frame_0114_01.966878s.jpg,231.0,143.5,255.0,287.09,255.0,98.0,207.5,318.15,255.0,177.5,91.5,31.56
115,1.983511,held_04,,frames/frame_0115_01.983511s.jpg,255.0,165.5,255.0,300.0,255.0,99.0,205.5,319.04,255.0,191.0,86.0,37.28
116,2.000144,held_04,,frames/frame_0116_02.000144s.jpg,250.0,159.0,255.0,296.87,255.0,111.5,226.5,311.92,255.0,190.0,83.0,37.33
117,2.016778,held_05,mixed_transition,frames/frame_0117_02.016778s.jpg,221.5,255.0,255.0,180.0,189.0,255.0,202.5,132.27,202.5,239.5,249.5,192.77
118,2.033411,held_05,,frames/frame_0118_02.033411s.jpg,171.5,255.0,163.5,114.75,36.0,255.0,226.5,172.19,63.0,255.0,255.0,180.0
119,2.050044,held_05,,frames/frame_0119_02.050044s.jpg,173.5,255.0,167.0,115.57,41.0,255.0,229.5,172.85,80.5,253.0,255.0,180.69
120,2.066678,held_05,,frames/frame_0120_02.066678s.jpg,179.0,255.0,165.5,110.95,16.5,255.0,176.0,160.13,97.5,255.0,255.0,180.0
121,2.083311,held_05,,frames/frame_0121_02.083311s.jpg,180.5,255.0,158.5,106.32,12.5,254.5,170.0,159.05,79.0,255.0,255.0,180.0
122,2.099944,held_05,,frames/frame_0122_02.099944s.jpg,214.0,255.0,204.5,108.71,14.0,254.5,166.5,158.05,74.5,248.5,255.0,182.16
123,2.116578,held_05,,frames/frame_0123_02.116578s.jpg,214.0,255.0,217.5,125.12,16.5,254.0,182.0,161.81,56.5,238.5,255.0,184.99
124,2.133211,held_05,,frames/frame_0124_02.133211s.jpg,216.5,255.0,216.5,120.0,40.0,255.0,230.0,173.02,56.5,251.0,255.0,181.21
125,2.149844,held_05,,frames/frame_0125_02.149844s.jpg,215.5,255.0,207.0,109.38,42.5,255.0,205.5,166.02,56.5,252.0,255.0,180.91
126,2.166478,held_05,,frames/frame_0126_02.166478s.jpg,178.0,255.0,161.5,109.41,44.5,254.5,196.0,163.29,77.5,255.0,255.0,180.0
127,2.183111,held_05,,frames/frame_0127_02.183111s.jpg,184.0,255.0,166.5,108.14,42.0,255.0,203.5,165.49,73.0,255.0,255.0,180.0
128,2.199744,held_05,,frames/frame_0128_02.199744s.jpg,186.5,255.0,167.5,106.97,17.5,253.5,185.5,162.71,80.5,255.0,255.0,180.0
129,2.216378,held_05,,frames/frame_0129_02.216378s.jpg,189.0,255.0,166.5,104.75,17.5,254.5,193.5,164.56,83.5,253.5,255.0,180.52
130,2.233011,held_05,,frames/frame_0130_02.233011s.jpg,227.5,255.0,203.5,92.04,16.0,254.5,193.5,164.65,71.5,252.0,255.0,180.98
131,2.249644,held_05,,frames/frame_0131_02.249644s.jpg,221.5,255.0,188.0,90.0,17.5,254.5,191.5,164.05,67.0,249.0,255.0,181.91
132,2.266278,held_05,,frames/frame_0132_02.266278s.jpg,224.0,255.0,214.5,105.93,60.0,255.0,224.0,170.46,69.5,249.5,255.0,181.78
133,2.282911,held_05,,frames/frame_0133_02.282911s.jpg,211.0,255.0,204.5,112.28,58.5,255.0,217.5,168.55,56.5,241.0,255.0,184.23
134,2.299544,held_05,,frames/frame_0134_02.299544s.jpg,187.5,255.0,173.5,109.69,52.0,255.0,221.5,170.1,87.0,255.0,255.0,180.0
135,2.316178,held_05,,frames/frame_0135_02.316178s.jpg,190.5,255.0,174.5,108.07,53.0,255.0,214.0,167.82,88.5,255.0,255.0,180.0
136,2.332811,held_05,,frames/frame_0136_02.332811s.jpg,190.0,255.0,170.5,106.15,21.5,255.0,179.0,160.47,74.0,254.5,255.0,180.17
137,2.349444,held_05,,frames/frame_0137_02.349444s.jpg,199.5,255.0,171.5,99.88,18.5,253.5,170.0,158.68,95.0,254.5,255.0,180.19
138,2.366078,held_05,,frames/frame_0138_02.366078s.jpg,218.0,255.0,212.0,111.63,19.0,255.0,178.5,160.55,66.0,239.0,255.0,185.08
139,2.382711,held_05,,frames/frame_0139_02.382711s.jpg,215.0,255.0,204.0,107.06,22.5,255.0,175.0,159.35,59.0,241.5,255.0,184.13
140,2.399344,held_05,,frames/frame_0140_02.399344s.jpg,216.5,255.0,194.5,98.18,59.0,255.0,227.0,171.43,56.5,250.5,255.0,181.36
141,2.415978,held_05,,frames/frame_0141_02.415978s.jpg,223.0,255.0,202.5,96.57,48.5,255.0,204.5,165.33,53.0,244.0,255.0,183.27
142,2.432611,held_05,,frames/frame_0142_02.432611s.jpg,185.0,255.0,151.5,100.58,48.5,255.0,204.5,165.33,79.5,255.0,255.0,180.0
143,2.449244,held_05,,frames/frame_0143_02.449244s.jpg,176.5,255.0,142.5,101.87,48.0,255.0,213.0,167.83,97.0,255.0,255.0,180.0
144,2.465878,held_05,,frames/frame_0144_02.465878s.jpg,184.0,255.0,156.5,103.25,17.0,254.0,180.0,161.27,98.0,255.0,255.0,180.0
145,2.482511,held_05,,frames/frame_0145_02.482511s.jpg,193.0,255.0,172.0,104.82,16.0,254.0,185.5,162.73,101.0,255.0,255.0,180.0
146,2.499144,held_05,,frames/frame_0146_02.499144s.jpg,226.0,255.0,216.5,105.19,19.0,253.0,185.0,162.56,80.5,238.5,255.0,185.67
147,2.515778,held_05,,frames/frame_0147_02.515778s.jpg,209.5,255.0,200.0,109.64,21.5,255.0,190.5,163.43,76.0,254.5,255.0,180.17
148,2.532411,held_05,,frames/frame_0148_02.532411s.jpg,216.5,255.0,213.5,115.66,51.0,255.0,204.5,165.15,78.0,254.5,255.0,180.17
149,2.549044,held_06,,frames/frame_0149_02.549044s.jpg,118.0,156.5,255.0,223.14,255.0,167.5,255.0,300.0,255.0,69.0,132.5,339.52
150,2.565678,held_06,,frames/frame_0150_02.565678s.jpg,108.0,146.0,255.0,224.49,255.0,171.0,255.0,300.0,255.0,84.0,158.0,334.04
151,2.582311,held_06,,frames/frame_0151_02.582311s.jpg,108.0,149.5,255.0,223.06,255.0,147.5,255.0,300.0,255.0,86.0,157.5,334.62
152,2.598944,held_06,,frames/frame_0152_02.598944s.jpg,108.5,153.0,255.0,221.77,255.0,130.5,255.0,300.0,255.0,81.5,148.5,336.83
153,2.615578,held_06,,frames/frame_0153_02.615578s.jpg,113.0,157.0,255.0,221.41,255.0,130.0,255.0,300.0,255.0,85.5,157.5,334.51
154,2.632211,held_06,,frames/frame_0154_02.632211s.jpg,144.5,182.5,255.0,219.37,255.0,133.5,255.0,300.0,255.0,70.0,138.5,337.78
155,2.648844,held_06,,frames/frame_0155_02.648844s.jpg,142.5,180.0,255.0,220.0,255.0,137.0,255.0,300.0,255.0,68.5,139.5,337.16
156,2.665478,held_06,,frames/frame_0156_02.665478s.jpg,143.0,183.0,255.0,218.57,255.0,167.0,255.0,300.0,255.0,70.5,140.5,337.24
157,2.682111,held_06,,frames/frame_0157_02.682111s.jpg,103.5,151.0,255.0,221.19,255.0,168.5,255.0,300.0,255.0,73.5,137.5,338.84
158,2.698744,held_06,,frames/frame_0158_02.698744s.jpg,107.5,156.5,255.0,220.07,252.5,133.5,255.0,298.77,255.0,79.0,157.0,333.41
159,2.715378,held_06,,frames/frame_0159_02.715378s.jpg,108.0,151.5,255.0,222.24,255.0,141.5,255.0,300.0,255.0,87.0,147.5,338.39
160,2.732011,held_06,,frames/frame_0160_02.732011s.jpg,116.5,160.5,255.0,220.94,255.0,135.5,255.0,300.0,255.0,86.0,147.0,338.34
161,2.748644,held_06,,frames/frame_0161_02.748644s.jpg,130.0,157.0,255.0,227.04,240.5,117.0,255.0,293.7,255.0,81.5,149.0,336.66
162,2.765278,held_06,,frames/frame_0162_02.765278s.jpg,137.5,178.5,255.0,219.06,241.0,121.5,255.0,293.71,255.0,76.0,140.0,338.55
163,2.781911,held_06,,frames/frame_0163_02.781911s.jpg,137.0,179.0,255.0,218.64,255.0,154.5,255.0,300.0,255.0,74.5,136.0,339.56
164,2.798544,held_06,,frames/frame_0164_02.798544s.jpg,111.0,160.5,255.0,219.38,255.0,159.5,255.0,300.0,255.0,76.0,138.0,339.22
165,2.815178,held_06,,frames/frame_0165_02.815178s.jpg,113.5,152.5,255.0,223.46,255.0,162.5,255.0,300.0,255.0,74.0,139.5,338.29
166,2.831811,held_06,,frames/frame_0166_02.831811s.jpg,108.5,147.5,255.0,224.03,255.0,170.0,255.0,300.0,255.0,85.0,149.0,337.41
167,2.848444,held_06,,frames/frame_0167_02.848444s.jpg,113.0,156.0,255.0,221.83,255.0,141.0,255.0,300.0,255.0,88.5,153.5,336.58
168,2.865078,held_06,,frames/frame_0168_02.865078s.jpg,120.0,155.5,255.0,224.22,255.0,130.5,255.0,300.0,255.0,87.0,158.5,334.46
169,2.881711,held_06,,frames/frame_0169_02.881711s.jpg,128.0,165.0,255.0,222.52,255.0,141.5,255.0,300.0,255.0,80.0,134.0,341.49
170,2.898344,held_06,,frames/frame_0170_02.898344s.jpg,139.0,176.5,255.0,220.6,252.0,130.0,255.0,298.56,255.0,73.5,136.5,339.17
171,2.914978,held_06,,frames/frame_0171_02.914978s.jpg,139.5,177.0,255.0,220.52,255.0,149.5,255.0,300.0,255.0,73.5,132.5,340.5
172,2.931611,held_06,,frames/frame_0172_02.931611s.jpg,135.0,172.5,255.0,221.25,255.0,155.0,255.0,300.0,255.0,76.5,133.0,341.01
173,2.948244,held_06,,frames/frame_0173_02.948244s.jpg,111.0,149.0,255.0,224.17,255.0,167.0,255.0,300.0,255.0,78.0,157.0,333.22
174,2.964878,held_06,,frames/frame_0174_02.964878s.jpg,114.0,159.5,255.0,220.64,255.0,168.0,255.0,300.0,255.0,82.0,159.5,333.12
175,2.981511,held_06,,frames/frame_0175_02.981511s.jpg,114.5,157.5,255.0,221.64,243.0,124.0,255.0,294.5,255.0,85.0,155.0,335.29
176,2.998144,held_06,,frames/frame_0176_02.998144s.jpg,117.5,157.5,255.0,222.55,245.0,118.5,255.0,295.6,255.0,89.5,156.0,335.89
177,3.014778,held_06,,frames/frame_0177_03.014778s.jpg,142.0,179.0,255.0,220.35,255.0,138.5,255.0,300.0,255.0,77.0,138.5,339.27
178,3.031411,held_06,,frames/frame_0178_03.031411s.jpg,144.0,181.5,255.0,219.73,255.0,141.0,255.0,300.0,255.0,75.5,131.5,341.28
179,3.048044,held_06,,frames/frame_0179_03.048044s.jpg,108.0,144.0,255.0,225.31,255.0,151.0,255.0,300.0,255.0,80.5,135.0,341.26
180,3.064678,held_06,,frames/frame_0180_03.064678s.jpg,128.5,174.0,255.0,218.42,255.0,149.5,255.0,300.0,255.0,77.0,137.0,339.78
181,3.081311,held_07,,frames/frame_0181_03.081311s.jpg,255.0,255.0,135.5,60.0,122.0,255.0,191.5,151.35,74.5,255.0,239.5,174.85
182,3.097944,held_07,,frames/frame_0182_03.097944s.jpg,255.0,255.0,120.5,60.0,106.0,255.0,186.0,152.21,93.5,255.0,251.0,178.51
183,3.114578,held_07,,frames/frame_0183_03.114578s.jpg,255.0,255.0,129.5,60.0,50.0,255.0,109.5,137.41,97.0,255.0,249.5,177.91
184,3.131211,held_07,,frames/frame_0184_03.131211s.jpg,255.0,255.0,125.0,60.0,56.0,255.0,131.0,142.61,96.5,255.0,251.5,178.68
185,3.147844,held_07,,frames/frame_0185_03.147844s.jpg,255.0,255.0,176.0,60.0,45.5,254.5,125.5,142.97,85.5,255.0,220.5,167.79
186,3.164478,held_07,,frames/frame_0186_03.164478s.jpg,255.0,255.0,169.5,60.0,59.0,255.0,131.5,142.19,77.5,255.0,223.0,169.18
187,3.181111,held_07,,frames/frame_0187_03.181111s.jpg,255.0,255.0,169.0,60.0,114.0,255.0,187.5,151.28,76.5,255.0,219.0,167.9
188,3.197744,held_07,,frames/frame_0188_03.197744s.jpg,255.0,255.0,165.5,60.0,117.0,255.0,190.5,151.96,75.5,255.0,219.0,167.97
189,3.214378,held_07,,frames/frame_0189_03.214378s.jpg,255.0,255.0,131.5,60.0,113.5,255.0,192.5,153.5,80.5,255.0,239.5,174.67
190,3.231011,held_07,,frames/frame_0190_03.231011s.jpg,255.0,255.0,127.0,60.0,91.5,255.0,155.5,143.49,98.5,255.0,246.5,176.74
191,3.247644,held_07,,frames/frame_0191_03.247644s.jpg,255.0,255.0,120.5,60.0,55.0,255.0,118.0,138.9,90.0,255.0,235.0,172.73
192,3.264278,held_07,,frames/frame_0192_03.264278s.jpg,255.0,253.0,117.0,59.13,49.5,255.0,121.5,141.02,105.0,255.0,242.0,174.8
193,3.280911,held_07,,frames/frame_0193_03.280911s.jpg,255.0,255.0,183.0,60.0,48.0,255.0,117.5,140.14,84.5,255.0,215.5,166.1
194,3.297544,held_07,,frames/frame_0194_03.297544s.jpg,255.0,255.0,186.0,60.0,56.5,255.0,122.0,139.8,72.0,254.0,214.0,166.81
195,3.314178,held_07,,frames/frame_0195_03.314178s.jpg,255.0,255.0,180.0,60.0,105.0,255.0,195.5,156.2,67.0,254.0,214.0,167.17
196,3.330811,held_07,,frames/frame_0196_03.330811s.jpg,255.0,255.0,187.0,60.0,111.0,255.0,192.5,153.96,77.0,255.0,218.5,167.7
197,3.347444,held_07,,frames/frame_0197_03.347444s.jpg,255.0,254.5,138.0,59.74,103.5,255.0,187.5,153.27,92.0,255.0,249.5,177.98
198,3.364078,held_07,,frames/frame_0198_03.364078s.jpg,255.0,254.5,129.0,59.76,110.0,255.0,180.5,149.17,82.0,255.0,241.5,175.32
199,3.380711,held_07,,frames/frame_0199_03.380711s.jpg,255.0,255.0,133.0,60.0,64.0,255.0,109.5,134.29,99.0,255.0,245.5,176.35
200,3.397344,held_07,,frames/frame_0200_03.397344s.jpg,255.0,255.0,136.0,60.0,67.5,255.0,117.0,135.84,100.0,255.0,250.0,178.06
201,3.413978,held_07,,frames/frame_0201_03.413978s.jpg,255.0,255.0,199.0,60.0,65.5,255.0,114.5,135.51,79.5,255.0,217.0,167.01
202,3.430611,held_07,,frames/frame_0202_03.430611s.jpg,255.0,255.0,192.0,60.0,70.0,255.0,116.5,135.08,71.0,255.0,220.0,168.59
203,3.447244,held_07,,frames/frame_0203_03.447244s.jpg,255.0,255.0,188.0,60.0,114.5,255.0,172.5,144.77,66.0,255.0,221.5,169.37
204,3.463878,held_07,,frames/frame_0204_03.463878s.jpg,255.0,255.0,183.0,60.0,121.5,255.0,182.5,147.42,60.0,255.0,222.0,169.85
205,3.480511,held_07,,frames/frame_0205_03.480511s.jpg,255.0,255.0,122.0,60.0,123.5,255.0,182.5,146.92,83.5,255.0,246.5,177.03
206,3.497144,held_07,,frames/frame_0206_03.497144s.jpg,255.0,255.0,115.5,60.0,118.0,255.0,185.0,149.34,90.0,255.0,247.5,177.27
207,3.513778,held_07,,frames/frame_0207_03.513778s.jpg,255.0,255.0,134.0,60.0,69.0,255.0,121.5,136.94,101.5,255.0,254.0,179.61
208,3.530411,held_07,,frames/frame_0208_03.530411s.jpg,255.0,255.0,136.5,60.0,64.5,255.0,122.0,138.11,109.0,255.0,253.0,179.18
209,3.547044,held_07,,frames/frame_0209_03.547044s.jpg,255.0,255.0,197.5,60.0,64.0,255.0,120.5,137.75,76.5,255.0,222.5,169.08
210,3.563678,held_07,,frames/frame_0210_03.563678s.jpg,255.0,255.0,202.0,60.0,66.0,255.0,120.5,137.3,64.5,254.0,224.5,170.66
211,3.580311,held_07,,frames/frame_0211_03.580311s.jpg,255.0,255.0,193.0,60.0,117.5,255.0,193.0,152.95,63.0,255.0,222.0,169.69
212,3.596944,held_08,mixed_transition,frames/frame_0212_03.596944s.jpg,254.0,255.0,255.0,180.0,113.5,255.0,252.5,178.94,71.0,253.0,220.5,169.29
213,3.613578,held_08,,frames/frame_0213_03.613578s.jpg,57.5,200.5,255.0,196.56,168.0,155.5,255.0,247.54,255.0,105.5,255.0,300.0
214,3.630211,held_08,,frames/frame_0214_03.630211s.jpg,48.0,195.0,255.0,197.39,146.5,144.5,255.0,241.09,255.0,119.0,255.0,300.0
215,3.646844,held_08,,frames/frame_0215_03.646844s.jpg,69.5,214.5,255.0,193.1,127.5,124.5,255.0,241.38,255.0,114.0,255.0,300.0
216,3.663478,held_08,,frames/frame_0216_03.663478s.jpg,72.0,211.0,255.0,194.43,131.0,130.0,255.0,240.48,254.5,110.5,255.0,299.79
217,3.680111,held_08,,frames/frame_0217_03.680111s.jpg,73.5,233.0,255.0,187.27,131.0,130.0,255.0,240.48,255.0,87.5,254.5,300.18
218,3.696744,held_08,,frames/frame_0218_03.696744s.jpg,62.0,229.5,255.0,187.93,147.0,130.5,255.0,247.95,255.0,89.5,255.0,300.0
219,3.713378,held_08,,frames/frame_0219_03.713378s.jpg,57.5,233.0,255.0,186.68,161.5,144.5,255.0,249.23,255.0,100.5,255.0,300.0
220,3.730011,held_08,,frames/frame_0220_03.730011s.jpg,53.0,216.0,255.0,191.58,158.5,141.5,255.0,248.99,255.0,102.0,255.0,300.0
221,3.746644,held_08,,frames/frame_0221_03.746644s.jpg,49.5,207.5,255.0,193.87,154.0,139.5,255.0,247.53,255.0,106.5,255.0,300.0
222,3.763278,held_08,,frames/frame_0222_03.763278s.jpg,54.5,209.5,255.0,193.62,148.0,143.5,255.0,242.42,255.0,114.0,255.0,300.0
223,3.779911,held_08,,frames/frame_0223_03.779911s.jpg,55.5,211.0,255.0,193.23,141.0,139.5,255.0,240.78,255.0,112.0,255.0,300.0
224,3.796544,held_08,,frames/frame_0224_03.796544s.jpg,65.5,219.0,255.0,191.4,139.0,129.5,255.0,244.54,255.0,117.5,255.0,300.0
225,3.813178,held_08,,frames/frame_0225_03.813178s.jpg,56.5,240.0,255.0,184.53,139.5,131.5,255.0,243.89,255.0,99.5,255.0,300.0
226,3.829711,held_08,,frames/frame_0226_03.829711s.jpg,70.5,240.0,255.0,184.88,115.0,95.0,255.0,247.5,254.0,92.5,255.0,299.63
227,3.846244,held_08,,frames/frame_0227_03.846244s.jpg,48.0,231.5,255.0,186.81,170.0,156.5,255.0,248.22,255.0,103.0,255.0,300.0
228,3.862978,held_08,,frames/frame_0228_03.862978s.jpg,67.0,217.5,255.0,191.97,178.5,155.0,255.0,254.1,254.5,103.0,255.0,299.8
229,3.879611,held_08,,frames/frame_0229_03.879611s.jpg,61.5,212.5,255.0,193.18,179.0,158.0,255.0,252.99,255.0,102.5,255.0,300.0
230,3.896244,held_08,,frames/frame_0230_03.896244s.jpg,58.0,212.5,255.0,192.94,141.5,134.5,255.0,243.49,255.0,119.0,255.0,300.0
231,3.912878,held_08,,frames/frame_0231_03.912878s.jpg,57.0,211.5,255.0,193.18,143.5,137.0,255.0,243.31,255.0,107.0,255.0,300.0
232,3.929511,held_08,,frames/frame_0232_03.929511s.jpg,77.0,216.5,255.0,192.98,142.5,137.5,255.0,242.55,255.0,114.0,255.0,300.0
233,3.946144,held_08,,frames/frame_0233_03.946144s.jpg,53.5,240.0,255.0,184.47,141.5,137.5,255.0,242.04,253.5,103.5,255.0,299.41
234,3.962778,held_08,,frames/frame_0234_03.962778s.jpg,52.0,239.5,255.0,184.58,163.0,154.5,255.0,245.07,252.0,102.0,255.0,298.82
235,3.979411,held_08,,frames/frame_0235_03.979411s.jpg,51.0,241.0,255.0,184.12,174.5,158.0,255.0,250.21,252.5,104.5,255.0,299.0
236,3.996044,held_08,,frames/frame_0236_03.996044s.jpg,55.5,218.5,255.0,190.98,170.5,159.0,255.0,247.19,253.5,103.0,255.0,299.41
237,4.012678,held_08,,frames/frame_0237_04.012678s.jpg,46.0,216.5,255.0,191.05,170.5,159.5,255.0,246.91,255.0,108.5,255.0,300.0
238,4.029311,held_08,,frames/frame_0238_04.029311s.jpg,45.0,213.5,255.0,191.86,143.0,141.5,255.0,240.79,255.0,110.5,255.0,300.0
239,4.062567,held_08,,frames/frame_0239_04.062567s.jpg,53.0,201.5,255.0,195.89,136.5,141.0,255.0,237.72,255.0,103.0,253.5,300.59
240,4.095822,held_08,,frames/frame_0240_04.095822s.jpg,60.0,236.0,255.0,185.85,160.5,154.0,255.0,243.86,255.0,108.0,255.0,300.0
241,4.112467,held_08,,frames/frame_0241_04.112467s.jpg,45.0,224.5,255.0,188.71,146.0,144.5,255.0,240.81,255.0,106.0,255.0,300.0
242,4.129111,held_09,mixed_transition,frames/frame_0242_04.129111s.jpg,255.0,154.0,125.5,13.2,234.5,255.0,241.5,140.49,204.5,247.5,220.5,142.33
243,4.145756,held_09,,frames/frame_0243_04.145756s.jpg,255.0,151.0,115.0,15.43,244.0,255.0,163.5,67.21,92.5,255.0,152.0,141.97
244,4.162400,held_09,,frames/frame_0244_04.162400s.jpg,255.0,151.0,114.5,15.59,231.0,255.0,126.5,71.21,93.0,255.0,159.5,144.63
245,4.179044,held_09,,frames/frame_0245_04.179044s.jpg,255.0,151.0,120.5,13.61,230.5,255.0,125.0,71.31,97.5,255.0,157.5,142.86
246,4.195689,held_09,,frames/frame_0246_04.195689s.jpg,255.0,162.0,118.0,19.27,232.0,255.0,126.0,70.7,99.5,254.5,96.5,118.86
247,4.212333,held_09,,frames/frame_0247_04.212333s.jpg,255.0,172.0,107.0,26.35,230.0,255.0,119.5,71.07,80.5,254.0,105.0,128.47
248,4.228978,held_09,,frames/frame_0248_04.228978s.jpg,255.0,172.5,106.5,26.67,245.0,255.0,171.0,67.14,79.0,252.0,113.0,131.79
249,4.245622,held_09,,frames/frame_0249_04.245622s.jpg,255.0,179.0,110.0,28.55,242.0,255.0,158.0,68.04,67.5,254.5,106.0,132.35
250,4.262167,held_09,,frames/frame_0250_04.262167s.jpg,255.0,150.0,121.5,12.81,243.5,255.0,158.5,67.15,82.5,255.0,132.0,137.22
251,4.278711,held_09,,frames/frame_0251_04.278711s.jpg,255.0,153.5,117.5,15.71,240.5,255.0,147.0,68.06,93.0,255.0,132.5,134.63
252,4.295411,held_09,,frames/frame_0252_04.295411s.jpg,255.0,149.5,117.5,13.96,231.5,255.0,118.0,70.29,93.0,255.0,142.5,138.33
253,4.312111,held_09,,frames/frame_0253_04.312111s.jpg,255.0,149.0,118.0,13.58,230.0,255.0,128.0,71.81,92.0,255.0,140.0,137.67
254,4.328678,held_09,,frames/frame_0254_04.328678s.jpg,255.0,171.5,111.0,25.21,229.0,255.0,130.0,72.48,80.0,253.5,108.0,129.68
255,4.345244,held_09,,frames/frame_0255_04.345244s.jpg,255.0,185.5,112.5,30.74,232.0,255.0,138.0,71.79,77.0,254.5,101.5,128.28
256,4.361944,held_09,,frames/frame_0256_04.361944s.jpg,255.0,181.0,110.0,29.38,247.5,255.0,184.0,66.34,61.0,255.0,96.5,130.98
257,4.378644,held_09,,frames/frame_0257_04.378644s.jpg,255.0,180.5,111.0,28.96,251.0,255.0,175.5,63.02,54.5,255.0,71.0,124.94
258,4.395211,held_09,,frames/frame_0258_04.395211s.jpg,255.0,155.5,117.5,16.58,251.5,255.0,187.0,63.09,68.0,255.0,132.5,140.7
259,4.411778,held_09,,frames/frame_0259_04.411778s.jpg,255.0,153.0,120.5,14.5,248.0,255.0,190.5,66.51,85.0,255.0,133.5,137.12
260,4.428478,held_09,,frames/frame_0260_04.428478s.jpg,255.0,151.5,123.5,12.78,235.0,255.0,123.5,69.13,88.0,255.0,137.0,137.6
261,4.445178,held_09,,frames/frame_0261_04.445178s.jpg,255.0,152.5,119.5,14.61,234.0,255.0,126.5,69.81,96.0,255.0,149.5,140.19
262,4.461744,held_09,,frames/frame_0262_04.461744s.jpg,255.0,172.0,112.0,25.17,233.0,255.0,139.0,71.38,70.0,255.0,101.0,130.05
263,4.478311,held_09,,frames/frame_0263_04.478311s.jpg,255.0,181.5,114.0,28.72,232.0,255.0,139.0,71.9,74.0,255.0,97.0,127.62
264,4.495011,held_09,,frames/frame_0264_04.495011s.jpg,255.0,183.0,115.5,29.03,245.5,255.0,179.5,67.55,76.5,254.5,105.0,129.61
265,4.511711,held_09,,frames/frame_0265_04.511711s.jpg,255.0,179.0,117.0,26.96,251.0,255.0,202.5,64.57,84.5,255.0,99.0,125.1
266,4.528267,held_09,,frames/frame_0266_04.528267s.jpg,255.0,152.0,120.5,14.05,249.0,255.0,182.0,64.93,89.0,255.0,165.0,147.47
267,4.544822,held_09,,frames/frame_0267_04.544822s.jpg,255.0,156.0,121.0,15.67,247.5,255.0,186.0,66.52,102.0,255.0,170.0,146.67
268,4.561533,held_09,,frames/frame_0268_04.561533s.jpg,255.0,157.0,122.5,15.62,234.0,255.0,139.5,70.91,98.0,255.0,163.5,145.03
269,4.578244,held_09,,frames/frame_0269_04.578244s.jpg,255.0,158.0,115.5,18.28,232.0,255.0,133.0,71.31,106.0,255.0,168.5,145.17
270,4.594800,held_09,,frames/frame_0270_04.594800s.jpg,255.0,176.0,101.5,29.12,232.0,255.0,143.5,72.38,89.5,255.0,106.5,126.16
271,4.611356,held_09,,frames/frame_0271_04.611356s.jpg,255.0,179.5,102.0,30.39,238.0,255.0,138.0,68.72,72.5,254.5,103.5,130.22
272,4.628067,held_09,,frames/frame_0272_04.628067s.jpg,255.0,177.0,103.5,29.11,246.0,255.0,186.0,67.83,79.5,254.5,96.5,125.83
273,4.644778,held_09,,frames/frame_0273_04.644778s.jpg,255.0,178.0,105.5,29.1,248.0,255.0,189.5,66.41,69.0,255.0,99.0,129.68
274,4.661333,held_10,mixed_transition,frames/frame_0274_04.661333s.jpg,56.5,255.0,255.0,180.0,163.5,235.5,255.0,192.79,182.0,234.5,255.0,196.85
275,4.677889,held_10,,frames/frame_0275_04.677889s.jpg,56.5,253.5,255.0,180.45,16.0,150.0,255.0,206.36,221.5,134.0,255.0,283.39
276,4.694600,held_10,,frames/frame_0276_04.694600s.jpg,58.0,255.0,255.0,180.0,20.0,154.5,255.0,205.66,232.0,147.5,255.0,287.16
277,4.711311,held_10,,frames/frame_0277_04.711311s.jpg,76.5,255.0,255.0,180.0,21.5,165.0,255.0,203.13,226.5,147.5,255.0,284.09
278,4.727867,held_10,,frames/frame_0278_04.727867s.jpg,150.5,255.0,255.0,180.0,21.5,159.5,255.0,204.54,205.0,115.5,255.0,278.49
279,4.744422,held_10,,frames/frame_0279_04.744422s.jpg,140.0,255.0,255.0,180.0,21.5,163.0,255.0,203.64,181.0,113.0,255.0,268.73
280,4.761111,held_10,,frames/frame_0280_04.761111s.jpg,142.5,254.0,255.0,180.53,28.5,176.0,255.0,200.93,192.0,115.5,255.0,272.9
281,4.777800,held_10,,frames/frame_0281_04.777800s.jpg,127.5,255.0,255.0,180.0,26.5,176.5,255.0,200.61,200.5,114.5,255.0,276.73
282,4.794378,held_10,,frames/frame_0282_04.794378s.jpg,84.5,251.5,255.0,181.23,27.5,173.5,255.0,201.49,210.0,132.0,255.0,278.05
283,4.810956,held_10,,frames/frame_0283_04.810956s.jpg,65.5,255.0,255.0,180.0,22.0,154.0,255.0,206.01,207.0,127.5,255.0,277.41
284,4.827644,held_10,,frames/frame_0284_04.827644s.jpg,70.0,254.5,255.0,180.16,18.5,155.0,255.0,205.37,208.5,129.5,255.0,277.77
285,4.844333,held_10,,frames/frame_0285_04.844333s.jpg,69.5,251.0,255.0,181.29,17.5,155.5,255.0,205.14,205.5,127.5,255.0,276.71
286,4.860911,held_10,,frames/frame_0286_04.860911s.jpg,143.5,255.0,255.0,180.0,18.5,151.5,255.0,206.26,200.0,124.0,255.0,274.81
287,4.877489,held_10,,frames/frame_0287_04.877489s.jpg,137.5,255.0,255.0,180.0,22.5,173.0,255.0,201.16,192.5,111.5,255.0,273.87
288,4.894178,held_10,,frames/frame_0288_04.894178s.jpg,120.0,255.0,255.0,180.0,23.5,172.0,255.0,201.51,197.5,124.0,255.0,273.66
289,4.910867,held_10,,frames/frame_0289_04.910867s.jpg,111.0,255.0,255.0,180.0,25.5,175.5,255.0,200.78,189.5,113.5,255.0,272.23
290,4.927444,held_10,,frames/frame_0290_04.927444s.jpg,67.5,255.0,255.0,180.0,27.5,183.5,255.0,198.86,210.5,132.0,255.0,278.29
291,4.944022,held_10,,frames/frame_0291_04.944022s.jpg,74.5,255.0,255.0,180.0,22.0,160.0,255.0,204.46,219.5,139.5,255.0,281.56
292,4.960711,held_10,,frames/frame_0292_04.960711s.jpg,92.0,255.0,255.0,180.0,21.5,160.5,255.0,204.28,221.5,140.0,255.0,282.52
293,4.977400,held_10,,frames/frame_0293_04.977400s.jpg,91.5,255.0,255.0,180.0,21.5,159.0,255.0,204.67,205.5,128.0,255.0,276.61
294,4.993967,held_10,,frames/frame_0294_04.993967s.jpg,95.5,254.5,255.0,180.19,22.0,159.0,255.0,204.72,200.5,121.0,255.0,275.6
295,5.010533,held_10,,frames/frame_0295_05.010533s.jpg,161.0,255.0,255.0,180.0,31.5,190.5,255.0,197.32,193.5,125.5,255.0,271.51
296,5.027233,held_10,,frames/frame_0296_05.027233s.jpg,116.5,255.0,255.0,180.0,30.5,196.0,255.0,195.77,192.0,119.5,255.0,272.1
297,5.043933,held_10,,frames/frame_0297_05.043933s.jpg,76.5,255.0,255.0,180.0,27.5,181.0,255.0,199.52,201.0,122.0,255.0,275.64
298,5.060500,held_10,,frames/frame_0298_05.060500s.jpg,73.5,255.0,255.0,180.0,29.0,184.5,255.0,198.72,223.5,138.5,255.0,283.78
299,5.077067,held_10,,frames/frame_0299_05.077067s.jpg,67.0,255.0,255.0,180.0,11.0,125.5,255.0,211.84,229.0,141.0,255.0,286.32
300,5.093767,held_10,,frames/frame_0300_05.093767s.jpg,92.5,255.0,255.0,180.0,26.0,164.5,255.0,203.71,237.0,141.5,255.0,290.48
301,5.110467,held_10,,frames/frame_0301_05.110467s.jpg,96.0,248.0,255.0,182.64,25.0,162.0,255.0,204.26,214.0,132.5,255.0,279.92
302,5.127033,held_10,,frames/frame_0302_05.127033s.jpg,100.0,249.5,255.0,182.13,20.5,161.0,255.0,204.05,214.5,128.5,255.0,280.79
303,5.143600,held_10,,frames/frame_0303_05.143600s.jpg,137.5,255.0,255.0,180.0,18.5,161.0,255.0,203.85,209.0,128.5,255.0,278.18
304,5.160300,held_10,,frames/frame_0304_05.160300s.jpg,118.5,255.0,255.0,180.0,19.5,169.5,255.0,201.78,194.0,119.0,255.0,273.09
305,5.177000,held_10,,frames/frame_0305_05.177000s.jpg,66.5,255.0,255.0,180.0,20.5,170.5,255.0,201.62,202.0,118.0,255.0,276.79
306,5.193567,held_11,,frames/frame_0306_05.193567s.jpg,255.0,100.5,222.5,312.62,255.0,214.0,94.0,44.72,240.0,255.0,175.0,71.25
307,5.210133,held_11,,frames/frame_0307_05.210133s.jpg,255.0,102.5,224.0,312.2,255.0,183.0,95.5,32.92,244.0,255.0,184.5,69.36
308,5.226811,held_11,,frames/frame_0308_05.226811s.jpg,255.0,99.5,225.5,311.38,255.0,184.5,96.5,33.31,237.0,255.0,183.0,75.0
309,5.243489,held_11,,frames/frame_0309_05.243489s.jpg,255.0,122.0,248.5,302.93,255.0,186.5,98.5,33.74,211.5,255.0,111.5,78.19
310,5.260167,held_11,,frames/frame_0310_05.260167s.jpg,255.0,119.5,242.5,305.54,255.0,178.5,99.5,30.48,208.0,255.0,101.0,78.31
311,5.276711,held_11,,frames/frame_0311_05.276711s.jpg,255.0,117.0,241.0,306.09,255.0,198.0,99.0,38.08,210.5,255.0,74.5,74.79
312,5.293256,held_11,,frames/frame_0312_05.293256s.jpg,255.0,120.0,244.5,304.67,255.0,208.5,103.5,41.58,209.0,255.0,81.0,75.86
313,5.309978,held_11,,frames/frame_0313_05.309978s.jpg,255.0,98.5,218.5,313.99,255.0,213.5,102.0,43.73,223.5,255.0,109.0,72.95
314,5.326700,held_11,,frames/frame_0314_05.326700s.jpg,255.0,100.0,217.0,314.71,255.0,202.0,102.5,39.15,235.5,255.0,182.0,76.03
315,5.343244,held_11,,frames/frame_0315_05.343244s.jpg,255.0,100.5,221.0,313.2,255.0,192.5,99.0,35.96,237.5,255.0,173.5,72.88
316,5.359789,held_11,,frames/frame_0316_05.359789s.jpg,255.0,102.0,219.0,314.12,255.0,189.0,102.0,34.12,237.5,255.0,161.5,71.23
317,5.376511,held_11,,frames/frame_0317_05.376511s.jpg,255.0,112.0,231.0,310.07,255.0,195.5,102.0,36.67,211.5,255.0,87.5,75.58
318,5.393233,held_11,,frames/frame_0318_05.393233s.jpg,255.0,120.0,239.0,307.11,255.0,198.0,103.5,37.43,214.0,255.0,114.5,77.51
319,5.409778,held_11,,frames/frame_0319_05.409778s.jpg,255.0,123.0,239.0,307.27,255.0,208.5,98.5,42.17,209.5,255.0,118.5,80.0
320,5.426322,held_11,,frames/frame_0320_05.426322s.jpg,255.0,125.0,241.5,306.23,255.0,217.5,99.0,45.58,215.5,255.0,117.0,77.17
321,5.443033,held_11,,frames/frame_0321_05.443033s.jpg,255.0,100.5,219.5,313.79,255.0,200.5,99.0,39.04,225.0,255.0,156.5,78.27
322,5.459744,held_11,,frames/frame_0322_05.459744s.jpg,255.0,101.5,218.5,314.27,255.0,206.0,101.0,40.91,237.5,255.0,175.5,73.21
323,5.476300,held_11,,frames/frame_0323_05.476300s.jpg,255.0,97.0,216.5,314.62,255.0,193.5,103.5,35.64,236.0,255.0,156.5,71.57
324,5.492856,held_11,,frames/frame_0324_05.492856s.jpg,255.0,96.5,216.0,314.76,255.0,194.0,106.0,35.44,230.5,255.0,179.0,79.34
325,5.509567,held_11,,frames/frame_0325_05.509567s.jpg,255.0,121.0,239.0,307.16,255.0,193.5,105.5,35.32,216.0,255.0,112.5,76.42
326,5.526278,held_11,,frames/frame_0326_05.526278s.jpg,255.0,126.0,244.5,304.88,255.0,194.0,105.0,35.6,212.0,255.0,116.5,78.63
327,5.542833,held_11,,frames/frame_0327_05.542833s.jpg,255.0,123.0,242.5,305.68,255.0,195.0,102.0,36.47,207.5,255.0,112.0,79.93
328,5.559389,held_11,,frames/frame_0328_05.559389s.jpg,255.0,122.5,237.5,307.92,255.0,205.5,105.0,40.2,205.5,255.0,113.5,80.99
329,5.576100,held_11,,frames/frame_0329_05.576100s.jpg,255.0,99.5,217.0,314.66,255.0,195.0,101.5,36.55,235.0,255.0,179.5,75.89
330,5.592811,held_11,,frames/frame_0330_05.592811s.jpg,255.0,98.5,216.0,314.95,255.0,212.0,104.0,42.91,236.0,255.0,171.0,73.57
331,5.609367,held_11,,frames/frame_0331_05.609367s.jpg,255.0,99.5,220.5,313.31,255.0,194.0,103.5,35.84,240.5,255.0,180.5,71.68
332,5.625922,held_11,,frames/frame_0332_05.625922s.jpg,255.0,98.0,220.5,313.18,255.0,197.0,105.5,36.72,238.5,255.0,158.0,70.21
333,5.642633,held_11,,frames/frame_0333_05.642633s.jpg,255.0,115.5,233.5,309.25,255.0,196.5,106.5,36.36,211.0,255.0,126.5,80.54
334,5.659344,held_11,,frames/frame_0334_05.659344s.jpg,255.0,113.5,229.0,311.02,255.0,189.0,110.0,32.69,206.5,255.0,110.0,80.07
335,5.675878,held_11,,frames/frame_0335_05.675878s.jpg,255.0,118.5,230.5,310.77,255.0,186.0,100.0,33.29,206.5,255.0,104.5,79.34
336,5.692411,held_11,,frames/frame_0336_05.692411s.jpg,255.0,116.5,234.0,309.1,255.0,184.0,99.5,32.6,211.0,255.0,114.5,78.79
337,5.709144,held_11,,frames/frame_0337_05.709144s.jpg,255.0,97.5,212.0,316.38,255.0,195.5,99.5,37.04,238.5,255.0,173.5,72.15
338,5.725778,held_12,,frames/frame_0338_05.725778s.jpg,47.5,255.0,208.5,166.55,33.5,251.5,255.0,180.95,98.0,138.5,255.0,224.52
339,5.742411,held_12,,frames/frame_0339_05.742411s.jpg,57.0,255.0,202.0,163.94,15.5,251.5,255.0,180.88,88.0,120.5,255.0,228.32
340,5.759044,held_12,,frames/frame_0340_05.759044s.jpg,70.0,255.0,204.5,163.62,17.5,247.5,255.0,181.89,110.0,149.5,255.0,223.66
341,5.792311,held_12,,frames/frame_0341_05.792311s.jpg,110.5,255.0,241.0,174.19,15.5,246.0,255.0,182.25,82.5,121.5,255.0,226.43
342,5.808944,held_12,,frames/frame_0342_05.808944s.jpg,102.0,255.0,233.0,171.37,48.0,255.0,255.0,180.0,88.0,131.5,255.0,224.37
343,5.842211,held_12,,frames/frame_0343_05.842211s.jpg,50.5,255.0,198.0,163.28,48.0,255.0,255.0,180.0,96.5,152.0,255.0,218.99
344,5.858844,held_12,,frames/frame_0344_05.858844s.jpg,53.0,255.0,200.0,163.66,15.5,248.0,255.0,181.75,107.5,134.5,255.0,229.02
345,5.875478,held_12,,frames/frame_0345_05.875478s.jpg,53.5,255.0,202.0,164.22,17.5,251.5,255.0,180.88,112.5,156.0,255.0,221.68
346,5.892111,held_12,,frames/frame_0346_05.892111s.jpg,71.0,255.0,204.0,163.37,14.0,249.0,255.0,181.49,108.0,145.5,255.0,224.69
347,5.908744,held_12,,frames/frame_0347_05.908744s.jpg,105.5,255.0,225.0,167.96,14.0,251.5,255.0,180.87,107.0,130.5,255.0,230.47
348,5.925378,held_12,,frames/frame_0348_05.925378s.jpg,103.0,255.0,217.5,165.2,21.5,253.5,255.0,180.39,89.0,129.0,255.0,225.54
349,5.942011,held_12,,frames/frame_0349_05.942011s.jpg,90.0,255.0,223.5,168.55,45.0,253.5,255.0,180.43,89.5,121.5,255.0,228.4
350,5.958644,held_12,,frames/frame_0350_05.958644s.jpg,79.0,255.0,211.5,165.17,38.5,253.5,255.0,180.42,90.5,122.0,255.0,228.51
351,5.975278,held_12,,frames/frame_0351_05.975278s.jpg,57.5,255.0,203.0,164.2,50.0,255.0,255.0,180.0,102.5,162.0,255.0,216.59
352,5.991911,held_12,,frames/frame_0352_05.991911s.jpg,61.0,255.0,207.0,165.15,15.5,243.0,255.0,183.01,117.5,155.0,255.0,223.64
353,6.008544,held_12,,frames/frame_0353_06.008544s.jpg,61.0,255.0,207.0,165.15,18.0,238.0,255.0,184.3,115.0,158.5,255.0,221.36
354,6.025178,held_12,,frames/frame_0354_06.025178s.jpg,69.0,255.0,223.0,169.68,15.0,243.5,255.0,182.88,120.5,154.5,255.0,224.83
355,6.041811,held_12,,frames/frame_0355_06.041811s.jpg,102.5,255.0,249.0,177.64,16.5,247.0,255.0,182.01,106.5,128.5,255.0,231.11
356,6.058444,held_12,,frames/frame_0356_06.058444s.jpg,100.0,255.0,243.5,175.55,41.0,254.5,255.0,180.14,103.0,128.5,255.0,229.93
357,6.075078,held_12,,frames/frame_0357_06.075078s.jpg,115.0,255.0,244.0,175.29,51.5,254.0,255.0,180.29,103.0,131.0,255.0,228.95
358,6.091711,held_12,,frames/frame_0358_06.091711s.jpg,81.5,255.0,225.0,169.63,53.0,254.0,255.0,180.3,95.5,122.5,255.0,229.84
359,6.108344,held_12,,frames/frame_0359_06.108344s.jpg,63.5,255.0,211.5,166.37,41.0,253.5,255.0,180.42,99.0,152.0,255.0,219.62
360,6.124978,held_12,,frames/frame_0360_06.124978s.jpg,56.5,255.0,199.5,163.22,13.5,244.0,255.0,182.73,114.0,159.5,255.0,220.64
361,6.141611,held_12,,frames/frame_0361_06.141611s.jpg,57.5,255.0,200.5,163.44,14.0,245.5,255.0,182.37,115.5,163.0,255.0,219.57
362,6.158244,held_12,,frames/frame_0362_06.158244s.jpg,103.5,255.0,242.5,175.05,15.0,246.0,255.0,182.25,116.5,141.0,255.0,229.39
363,6.174878,held_12,,frames/frame_0363_06.174878s.jpg,122.0,255.0,249.0,177.29,16.0,249.5,255.0,181.38,108.5,133.5,255.0,229.76
364,6.191511,held_12,,frames/frame_0364_06.191511s.jpg,110.0,255.0,248.5,177.31,44.0,254.5,255.0,180.14,97.0,134.0,255.0,225.95
365,6.208144,held_12,,frames/frame_0365_06.208144s.jpg,103.0,255.0,243.5,175.46,31.0,252.5,255.0,180.67,96.0,132.5,255.0,226.23
366,6.224778,held_12,,frames/frame_0366_06.224778s.jpg,67.0,255.0,208.0,165.0,31.0,250.5,255.0,181.21,96.5,128.5,255.0,227.89
367,6.241411,held_13,mixed_transition,frames/frame_0367_06.241411s.jpg,211.0,243.0,255.0,196.36,169.5,242.0,255.0,189.12,209.5,197.0,255.0,252.93
368,6.258044,held_13,,frames/frame_0368_06.258044s.jpg,255.0,133.5,255.0,300.0,255.0,77.5,142.0,338.2,255.0,241.5,90.0,55.09
369,6.274678,held_13,,frames/frame_0369_06.274678s.jpg,255.0,140.5,255.0,300.0,255.0,78.0,142.0,338.31,255.0,246.0,92.0,56.69
370,6.291311,held_13,,frames/frame_0370_06.291311s.jpg,255.0,160.0,255.0,300.0,255.0,74.5,141.0,337.89,255.0,219.5,75.5,48.13
371,6.307944,held_13,,frames/frame_0371_06.307944s.jpg,255.0,160.0,255.0,300.0,255.0,75.0,141.5,337.83,255.0,219.0,74.5,48.03
372,6.324578,held_13,,frames/frame_0372_06.324578s.jpg,255.0,169.5,255.0,300.0,255.0,95.0,156.0,337.12,255.0,226.0,78.0,50.17
373,6.341211,held_13,,frames/frame_0373_06.341211s.jpg,255.0,173.5,255.0,300.0,255.0,107.0,160.0,338.51,255.0,227.5,68.5,51.15
374,6.357844,held_13,,frames/frame_0374_06.357844s.jpg,255.0,135.5,255.0,300.0,255.0,109.5,161.5,338.56,255.0,243.0,83.5,55.8
375,6.374478,held_13,,frames/frame_0375_06.374478s.jpg,255.0,131.0,255.0,300.0,255.0,100.5,156.5,338.25,255.0,237.5,85.5,53.81
376,6.391111,held_13,,frames/frame_0376_06.391111s.jpg,253.0,132.5,255.0,299.02,255.0,75.5,143.0,337.44,255.0,241.5,94.5,54.95
377,6.407744,held_13,,frames/frame_0377_06.407744s.jpg,255.0,142.0,255.0,300.0,255.0,84.5,150.5,336.77,255.0,242.5,86.5,55.55
378,6.424378,held_13,,frames/frame_0378_06.424378s.jpg,255.0,153.5,255.0,300.0,255.0,79.0,145.0,337.5,255.0,223.0,87.5,48.54
379,6.441011,held_13,,frames/frame_0379_06.441011s.jpg,255.0,175.0,255.0,300.0,255.0,79.0,144.0,337.84,255.0,222.5,95.5,47.77
380,6.457644,held_13,,frames/frame_0380_06.457644s.jpg,255.0,174.5,255.0,300.0,255.0,96.0,156.5,337.17,255.0,227.5,78.5,50.65
381,6.490878,held_13,,frames/frame_0381_06.490878s.jpg,230.5,106.0,255.0,290.13,255.0,96.0,156.0,337.36,255.0,248.0,90.5,57.45
382,6.507511,held_13,,frames/frame_0382_06.507511s.jpg,234.0,108.5,255.0,291.4,255.0,95.5,156.5,337.05,255.0,243.5,100.5,55.53
383,6.524144,held_13,,frames/frame_0383_06.524144s.jpg,241.0,116.5,255.0,293.94,255.0,87.5,148.0,338.33,255.0,246.0,95.5,56.61
384,6.540778,held_13,,frames/frame_0384_06.540778s.jpg,243.0,114.5,255.0,294.88,255.0,83.5,143.0,339.18,255.0,247.0,94.5,57.01
385,6.557411,held_13,,frames/frame_0385_06.557411s.jpg,255.0,143.0,255.0,300.0,255.0,88.5,149.0,338.2,255.0,231.0,77.5,51.89
386,6.574044,held_13,,frames/frame_0386_06.574044s.jpg,255.0,161.5,255.0,300.0,255.0,86.5,148.0,338.1,255.0,228.5,87.0,50.54
387,6.590678,held_13,,frames/frame_0387_06.590678s.jpg,255.0,161.5,255.0,300.0,255.0,108.5,164.5,337.06,255.0,226.5,88.5,49.73
388,6.607311,held_13,,frames/frame_0388_06.607311s.jpg,255.0,172.5,255.0,300.0,255.0,110.0,167.0,336.41,255.0,230.0,88.5,50.99
389,6.623944,held_13,,frames/frame_0389_06.623944s.jpg,255.0,135.0,255.0,300.0,255.0,109.0,157.5,340.07,255.0,246.0,89.0,56.75
390,6.640578,held_13,,frames/frame_0390_06.640578s.jpg,254.5,134.0,255.0,299.75,255.0,109.5,156.5,340.62,255.0,245.0,98.5,56.17
391,6.657211,held_13,,frames/frame_0391_06.657211s.jpg,255.0,137.5,255.0,300.0,255.0,86.5,149.0,337.74,255.0,247.5,90.5,57.26
392,6.673844,held_13,,frames/frame_0392_06.673844s.jpg,255.0,143.5,255.0,300.0,255.0,84.0,149.5,337.02,255.0,239.5,82.0,54.62
393,6.690478,held_13,,frames/frame_0393_06.690478s.jpg,245.0,140.0,251.0,296.76,255.0,85.0,149.0,337.41,255.0,227.5,80.5,50.54
394,6.707111,held_13,,frames/frame_0394_06.707111s.jpg,240.5,123.5,255.0,293.38,255.0,77.0,140.0,338.76,255.0,228.5,71.0,51.36
395,6.723744,held_13,,frames/frame_0395_06.723744s.jpg,246.0,133.5,254.5,295.79,255.0,106.0,158.0,339.06,255.0,224.0,69.0,50.0
396,6.740378,held_13,,frames/frame_0396_06.740378s.jpg,246.5,134.0,255.0,295.79,255.0,99.5,155.0,338.59,255.0,225.5,77.0,50.06
397,6.757011,held_13,,frames/frame_0397_06.757011s.jpg,255.0,126.0,255.0,300.0,255.0,99.5,155.0,338.59,255.0,242.0,86.0,55.38
398,6.773644,held_14,,frames/frame_0398_06.773644s.jpg,111.5,255.0,152.5,137.14,33.0,255.0,235.0,174.59,71.0,224.0,255.0,190.11
399,6.790278,held_14,,frames/frame_0399_06.790278s.jpg,114.5,255.0,151.5,135.8,14.0,255.0,226.0,172.78,76.0,232.5,255.0,187.54
400,6.806911,held_14,,frames/frame_0400_06.806911s.jpg,125.5,255.0,154.5,133.44,12.0,255.0,222.0,171.85,84.0,246.0,255.0,183.16
401,6.823544,held_14,,frames/frame_0401_06.823544s.jpg,154.5,255.0,198.5,146.27,13.0,255.0,222.5,171.94,70.5,214.5,255.0,193.17
402,6.840178,held_14,,frames/frame_0402_06.840178s.jpg,167.0,255.0,203.5,144.89,10.5,255.0,235.5,175.21,52.0,215.0,255.0,191.82
403,6.856811,held_14,,frames/frame_0403_06.856811s.jpg,157.0,255.0,218.5,157.65,37.0,255.0,245.0,177.25,49.0,215.0,255.0,191.65
404,6.873444,held_14,,frames/frame_0404_06.873444s.jpg,166.5,255.0,220.5,156.61,36.5,255.0,242.0,176.43,47.0,218.0,255.0,190.67
405,6.890078,held_14,,frames/frame_0405_06.890078s.jpg,101.5,255.0,154.5,140.72,41.0,255.0,247.5,177.9,57.0,241.5,255.0,184.09
406,6.906711,held_14,,frames/frame_0406_06.906711s.jpg,105.0,255.0,152.0,138.8,27.5,255.0,241.0,176.31,84.0,242.5,255.0,184.39
407,6.923344,held_14,,frames/frame_0407_06.923344s.jpg,107.5,255.0,144.0,134.85,13.5,254.0,225.0,172.77,74.0,246.0,255.0,182.98
408,6.939978,held_14,,frames/frame_0408_06.939978s.jpg,127.5,255.0,157.0,133.88,16.0,254.5,223.5,172.2,73.5,242.0,255.0,184.3
409,6.956611,held_14,,frames/frame_0409_06.956611s.jpg,170.5,255.0,216.0,152.31,16.5,254.0,226.0,172.93,56.5,221.0,255.0,190.28
410,6.973244,held_14,,frames/frame_0410_06.973244s.jpg,169.0,255.0,208.5,147.56,17.0,255.0,238.0,175.71,46.0,228.0,255.0,187.75
411,6.989878,held_14,,frames/frame_0411_06.989878s.jpg,160.0,255.0,214.0,154.11,40.0,255.0,247.5,177.91,48.0,226.5,255.0,188.26
412,7.006511,held_14,,frames/frame_0412_07.006511s.jpg,161.5,255.0,211.0,151.76,49.5,255.0,252.0,179.12,48.0,229.5,255.0,187.39
413,7.023144,held_14,,frames/frame_0413_07.023144s.jpg,117.0,255.0,167.0,141.74,46.5,255.0,249.5,178.42,51.0,238.0,255.0,185.0
414,7.039778,held_14,,frames/frame_0414_07.039778s.jpg,125.0,255.0,165.0,138.46,21.5,254.5,229.0,173.43,76.0,239.5,255.0,185.2
415,7.056411,held_14,,frames/frame_0415_07.056411s.jpg,125.5,255.0,169.5,140.39,14.5,255.0,227.0,173.01,77.0,250.5,255.0,181.52
416,7.073044,held_14,,frames/frame_0416_07.073044s.jpg,135.0,255.0,176.0,140.5,13.0,254.5,225.5,172.8,75.5,247.5,255.0,182.51
417,7.089678,held_14,,frames/frame_0417_07.089678s.jpg,157.5,255.0,207.5,150.77,15.5,255.0,226.5,172.86,60.5,228.0,255.0,188.33
418,7.106311,held_14,,frames/frame_0418_07.106311s.jpg,164.0,255.0,183.0,132.53,24.5,255.0,243.0,176.88,45.0,223.5,255.0,189.0
419,7.122944,held_14,,frames/frame_0419_07.122944s.jpg,160.0,255.0,190.5,139.26,44.0,255.0,249.5,178.44,41.5,220.5,255.0,189.7
420,7.139578,held_14,,frames/frame_0420_07.139578s.jpg,125.0,255.0,192.0,150.92,56.0,255.0,251.0,178.79,48.0,230.0,255.0,187.25
421,7.156211,held_14,,frames/frame_0421_07.156211s.jpg,123.5,255.0,173.0,142.59,57.0,255.0,251.5,178.94,69.0,251.0,255.0,181.29
422,7.172844,held_14,,frames/frame_0422_07.172844s.jpg,130.0,255.0,166.0,137.28,20.0,254.5,231.5,174.12,89.5,250.5,255.0,181.63
423,7.189478,held_14,,frames/frame_0423_07.189478s.jpg,129.0,255.0,161.5,135.48,19.0,254.0,234.0,174.89,86.5,247.0,255.0,182.85
424,7.206111,held_14,,frames/frame_0424_07.206111s.jpg,154.0,255.0,177.0,133.66,18.5,255.0,234.0,174.67,80.0,224.0,255.0,190.63
425,7.222744,held_14,,frames/frame_0425_07.222744s.jpg,154.0,255.0,217.5,157.72,18.0,254.5,225.5,172.64,60.0,216.0,255.0,192.0
426,7.239378,held_14,,frames/frame_0426_07.239378s.jpg,147.0,255.0,202.0,150.56,53.5,255.0,247.0,177.62,50.0,226.0,255.0,188.49
427,7.256011,held_14,,frames/frame_0427_07.256011s.jpg,157.0,255.0,176.5,131.94,55.0,255.0,250.5,178.65,45.0,224.0,255.0,188.86
428,7.272644,held_14,,frames/frame_0428_07.272644s.jpg,124.5,255.0,187.0,148.74,56.0,255.0,244.5,176.83,56.5,219.0,255.0,190.88
429,7.289278,held_14,,frames/frame_0429_07.289278s.jpg,137.5,255.0,182.0,142.72,59.5,255.0,244.5,176.78,69.0,243.5,255.0,183.71
430,7.305911,held_15,,frames/frame_0430_07.305911s.jpg,161.5,145.0,255.0,249.0,255.0,111.0,255.0,300.0,255.0,94.0,93.5,0.19
431,7.322544,held_15,,frames/frame_0431_07.322544s.jpg,166.0,150.0,255.0,249.14,255.0,112.5,255.0,300.0,255.0,94.0,91.0,1.1
432,7.339178,held_15,,frames/frame_0432_07.339178s.jpg,184.5,161.0,255.0,255.0,255.0,116.5,255.0,300.0,255.0,92.0,92.5,359.82
433,7.355811,held_15,,frames/frame_0433_07.355811s.jpg,164.5,149.0,255.0,248.77,255.0,116.0,255.0,300.0,255.0,87.5,90.0,359.1
434,7.372444,held_15,,frames/frame_0434_07.372444s.jpg,173.5,156.0,255.0,250.61,255.0,135.5,255.0,300.0,255.0,90.5,91.5,359.64
435,7.389078,held_15,,frames/frame_0435_07.389078s.jpg,174.5,161.5,255.0,248.34,255.0,138.5,255.0,300.0,255.0,88.0,89.0,359.64
436,7.405711,held_15,,frames/frame_0436_07.405711s.jpg,161.0,149.0,255.0,246.79,255.0,141.0,255.0,300.0,255.0,92.5,97.0,358.34
437,7.422344,held_15,,frames/frame_0437_07.422344s.jpg,160.5,148.0,255.0,247.01,255.0,137.0,255.0,300.0,255.0,111.5,95.5,6.02
438,7.438978,held_15,,frames/frame_0438_07.438978s.jpg,160.5,147.5,255.0,247.26,254.0,116.5,255.0,299.57,255.0,107.0,96.0,4.15
439,7.455611,held_15,,frames/frame_0439_07.455611s.jpg,161.5,149.0,255.0,247.08,254.5,116.5,255.0,299.78,255.0,111.5,92.0,7.18
440,7.472244,held_15,,frames/frame_0440_07.472244s.jpg,171.5,157.5,255.0,248.62,255.0,114.5,255.0,300.0,255.0,90.5,94.5,358.54
441,7.488878,held_15,,frames/frame_0441_07.488878s.jpg,175.0,157.5,255.0,250.77,255.0,114.5,255.0,300.0,255.0,90.0,91.0,359.64
442,7.505511,held_15,,frames/frame_0442_07.505511s.jpg,178.0,163.5,255.0,249.51,255.0,143.0,255.0,300.0,255.0,90.0,91.5,359.45
443,7.522144,held_15,,frames/frame_0443_07.522144s.jpg,176.0,162.0,255.0,249.03,255.0,143.5,255.0,300.0,255.0,89.5,89.5,0.0
444,7.538778,held_15,,frames/frame_0444_07.538778s.jpg,143.5,131.0,255.0,246.05,255.0,146.5,255.0,300.0,255.0,104.5,98.0,2.48
445,7.555411,held_15,,frames/frame_0445_07.555411s.jpg,143.0,129.5,255.0,246.45,255.0,147.0,255.0,300.0,255.0,104.5,94.5,3.74
446,7.572044,held_15,,frames/frame_0446_07.572044s.jpg,154.5,146.5,255.0,244.42,255.0,121.0,255.0,300.0,255.0,93.0,90.0,1.09
447,7.588678,held_15,,frames/frame_0447_07.588678s.jpg,158.5,149.0,255.0,245.38,255.0,119.5,255.0,300.0,255.0,113.0,90.5,8.21
448,7.605311,held_15,,frames/frame_0448_07.605311s.jpg,184.0,173.0,255.0,248.05,255.0,122.5,255.0,300.0,255.0,89.0,94.0,358.19
449,7.621944,held_15,,frames/frame_0449_07.621944s.jpg,187.0,177.0,255.0,247.69,255.0,122.5,255.0,300.0,255.0,91.0,94.5,358.72
450,7.638578,held_15,,frames/frame_0450_07.638578s.jpg,194.5,180.0,255.0,251.6,255.0,137.5,255.0,300.0,255.0,84.5,89.5,358.24
451,7.655211,held_15,,frames/frame_0451_07.655211s.jpg,194.5,181.0,255.0,250.95,255.0,133.0,255.0,300.0,255.0,89.5,94.0,358.37
452,7.671844,held_15,,frames/frame_0452_07.671844s.jpg,164.5,154.0,255.0,246.24,255.0,140.0,255.0,300.0,255.0,109.0,97.0,4.56
453,7.688478,held_15,,frames/frame_0453_07.688478s.jpg,166.0,155.0,255.0,246.6,255.0,136.0,255.0,300.0,255.0,104.5,95.0,3.56
454,7.705111,held_15,,frames/frame_0454_07.705111s.jpg,169.0,156.0,255.0,247.88,255.0,122.0,255.0,300.0,255.0,112.0,94.5,6.54
455,7.721744,held_15,,frames/frame_0455_07.721744s.jpg,168.5,156.5,255.0,247.31,255.0,123.5,255.0,300.0,255.0,118.0,92.5,9.42
456,7.738378,held_15,,frames/frame_0456_07.738378s.jpg,191.5,174.5,255.0,252.67,255.0,120.5,255.0,300.0,255.0,91.5,91.0,0.18
457,7.755011,held_15,,frames/frame_0457_07.755011s.jpg,189.0,172.5,255.0,252.0,255.0,117.0,255.0,300.0,255.0,90.5,92.0,359.45
458,7.771644,held_15,,frames/frame_0458_07.771644s.jpg,185.0,169.0,255.0,251.16,255.0,144.5,255.0,300.0,255.0,89.0,91.5,359.1
459,7.788278,held_15,,frames/frame_0459_07.788278s.jpg,188.0,172.0,255.0,251.57,255.0,146.0,255.0,300.0,255.0,91.5,94.0,359.08
460,7.804911,held_15,,frames/frame_0460_07.804911s.jpg,159.5,153.0,255.0,243.82,255.0,142.5,255.0,300.0,255.0,108.5,90.0,6.73
461,7.821544,held_16,mixed_transition,frames/frame_0461_07.821544s.jpg,213.5,248.0,255.0,190.12,254.0,239.5,255.0,296.13,255.0,233.0,234.0,357.27
462,7.838178,held_16,,frames/frame_0462_07.838178s.jpg,247.0,255.0,181.0,66.49,21.5,254.5,115.0,144.08,114.5,255.0,255.0,180.0
463,7.854811,held_16,,frames/frame_0463_07.854811s.jpg,249.0,255.0,185.5,65.18,18.5,255.0,104.0,141.69,114.5,255.0,255.0,180.0
464,7.871444,held_16,,frames/frame_0464_07.871444s.jpg,252.5,255.0,200.5,62.75,17.5,255.0,105.5,142.23,92.5,255.0,251.0,178.52
465,7.888078,held_16,,frames/frame_0465_07.888078s.jpg,255.0,255.0,206.5,60.0,21.0,255.0,111.0,143.08,67.0,255.0,253.0,179.36
466,7.904711,held_16,,frames/frame_0466_07.904711s.jpg,255.0,255.0,201.0,60.0,50.0,255.0,180.5,158.2,64.5,255.0,253.5,179.53
467,7.921344,held_16,,frames/frame_0467_07.921344s.jpg,254.5,255.0,208.0,60.64,52.0,255.0,178.5,157.39,54.5,255.0,252.0,179.1
468,7.937978,held_16,,frames/frame_0468_07.937978s.jpg,253.0,255.0,172.5,61.45,60.0,255.0,173.5,154.92,96.5,255.0,255.0,180.0
469,7.954611,held_16,,frames/frame_0469_07.954611s.jpg,254.0,255.0,167.0,60.68,42.5,255.0,137.5,146.82,103.5,255.0,255.0,180.0
470,7.971244,held_16,,frames/frame_0470_07.971244s.jpg,255.0,255.0,160.5,60.0,28.0,253.0,103.5,140.13,103.0,255.0,255.0,180.0
471,8.021056,held_16,,frames/frame_0471_08.021056s.jpg,253.0,255.0,190.0,61.85,23.5,253.0,106.5,141.7,68.0,255.0,255.0,180.0
472,8.037689,held_16,,frames/frame_0472_08.037689s.jpg,255.0,255.0,223.5,60.0,50.5,255.0,172.0,155.65,68.0,255.0,254.0,179.68
473,8.054322,held_16,,frames/frame_0473_08.054322s.jpg,255.0,255.0,225.0,60.0,50.5,255.0,168.0,154.47,66.0,254.0,252.0,179.36
474,8.070956,held_16,,frames/frame_0474_08.070956s.jpg,252.0,255.0,172.5,62.18,54.0,255.0,174.0,155.82,98.0,255.0,255.0,180.0
475,8.087589,held_16,,frames/frame_0475_08.087589s.jpg,249.5,255.0,168.0,63.79,26.5,255.0,110.5,142.06,102.5,255.0,255.0,180.0
476,8.104222,held_16,,frames/frame_0476_08.104222s.jpg,248.5,255.0,168.5,64.51,21.5,255.0,96.5,139.27,100.5,255.0,255.0,180.0
477,8.120856,held_16,,frames/frame_0477_08.120856s.jpg,251.0,255.0,163.0,62.61,21.5,255.0,97.5,139.53,91.0,255.0,255.0,180.0
478,8.137489,held_16,,frames/frame_0478_08.137489s.jpg,255.0,255.0,213.0,60.0,21.5,254.0,96.5,139.35,81.5,255.0,255.0,180.0
479,8.154122,held_16,,frames/frame_0479_08.154122s.jpg,255.0,255.0,206.5,60.0,31.0,255.0,130.0,146.52,62.0,255.0,254.0,179.69
480,8.170756,held_16,,frames/frame_0480_08.170756s.jpg,255.0,255.0,206.0,60.0,57.5,255.0,186.5,159.19,53.5,254.0,255.0,180.3
481,8.187389,held_16,,frames/frame_0481_08.187389s.jpg,255.0,255.0,173.0,60.0,54.5,255.0,178.0,156.96,54.0,253.5,255.0,180.45
482,8.204022,held_16,,frames/frame_0482_08.204022s.jpg,251.5,255.0,162.5,62.27,68.5,255.0,192.5,159.89,76.0,255.0,255.0,180.0
483,8.220656,held_16,,frames/frame_0483_08.220656s.jpg,251.0,255.0,160.0,62.53,20.0,255.0,101.5,140.81,101.5,255.0,255.0,180.0
484,8.237289,held_16,,frames/frame_0484_08.237289s.jpg,252.5,255.0,168.0,61.72,20.5,254.0,98.0,139.91,133.0,255.0,255.0,180.0
485,8.253922,held_16,,frames/frame_0485_08.253922s.jpg,254.0,255.0,182.0,60.82,19.0,253.5,90.5,138.29,112.5,255.0,255.0,180.0
486,8.270556,held_16,,frames/frame_0486_08.270556s.jpg,255.0,255.0,218.5,60.0,19.0,253.5,88.5,137.78,85.0,255.0,254.0,179.65
487,8.303811,held_16,,frames/frame_0487_08.303811s.jpg,255.0,255.0,217.5,60.0,56.5,255.0,177.5,156.57,81.0,255.0,253.0,179.31
488,8.320444,held_16,,frames/frame_0488_08.320444s.jpg,253.0,255.0,176.0,61.52,59.0,255.0,177.0,156.12,75.0,254.0,252.5,179.5
489,8.337078,held_16,,frames/frame_0489_08.337078s.jpg,252.5,255.0,171.0,61.79,64.5,255.0,196.5,161.57,101.0,255.0,255.0,180.0
490,8.353711,held_17,mixed_transition,frames/frame_0490_08.353711s.jpg,202.5,249.5,255.0,186.29,118.5,236.0,255.0,188.35,201.5,255.0,255.0,180.0
491,8.370344,held_17,,frames/frame_0491_08.370344s.jpg,90.5,156.0,255.0,216.11,182.5,121.5,255.0,267.42,255.0,109.5,255.0,300.0
492,8.386978,held_17,,frames/frame_0492_08.386978s.jpg,89.0,176.0,255.0,208.55,185.0,124.5,255.0,267.82,255.0,95.0,250.0,301.88
493,8.403611,held_17,,frames/frame_0493_08.403611s.jpg,83.5,179.0,255.0,206.59,181.0,121.0,255.0,266.87,255.0,89.5,237.0,306.53
494,8.420244,held_17,,frames/frame_0494_08.420244s.jpg,77.5,173.5,255.0,207.55,238.0,155.5,255.0,289.75,255.0,88.0,235.5,307.01
495,8.436878,held_17,,frames/frame_0495_08.436878s.jpg,73.5,176.0,255.0,206.12,230.0,152.0,255.0,285.44,255.0,91.0,238.5,306.04
496,8.453511,held_17,,frames/frame_0496_08.453511s.jpg,65.5,153.5,255.0,212.14,228.5,153.5,255.0,284.34,255.0,91.5,251.0,301.47
497,8.470144,held_17,,frames/frame_0497_08.470144s.jpg,63.5,152.0,255.0,212.27,240.0,155.5,255.0,290.95,255.0,98.5,249.5,302.11
498,8.486778,held_17,,frames/frame_0498_08.486778s.jpg,62.5,150.5,255.0,212.57,198.0,133.5,255.0,271.85,255.0,101.5,255.0,300.0
499,8.503411,held_17,,frames/frame_0499_08.503411s.jpg,65.5,153.0,255.0,212.3,198.0,133.0,255.0,271.97,255.0,104.5,255.0,300.0
500,8.520044,held_17,,frames/frame_0500_08.520044s.jpg,84.0,176.0,255.0,207.72,197.5,138.5,255.0,270.39,255.0,92.0,239.0,305.89
501,8.536678,held_17,,frames/frame_0501_08.536678s.jpg,84.0,180.5,255.0,206.14,182.5,119.5,254.5,268.0,255.0,96.0,241.5,305.09
502,8.553311,held_17,,frames/frame_0502_08.553311s.jpg,84.0,181.0,255.0,205.96,237.0,157.5,255.0,288.92,255.0,94.0,240.5,305.4
503,8.569944,held_17,,frames/frame_0503_08.569944s.jpg,76.0,177.5,255.0,205.98,237.0,157.5,255.0,288.92,255.0,96.5,239.5,305.87
504,8.603200,held_17,,frames/frame_0504_08.603200s.jpg,66.0,158.5,255.0,210.63,238.5,160.0,255.0,289.58,255.0,103.0,255.0,300.0
505,8.619833,held_17,,frames/frame_0505_08.619833s.jpg,59.5,156.0,255.0,210.38,187.0,128.0,255.0,267.87,255.0,102.0,255.0,300.0
506,8.636467,held_17,,frames/frame_0506_08.636467s.jpg,72.0,166.5,255.0,209.02,203.0,137.0,255.0,273.56,255.0,98.0,251.5,301.34
507,8.653100,held_17,,frames/frame_0507_08.653100s.jpg,66.5,182.0,255.0,203.24,204.0,138.5,255.0,273.73,255.0,91.5,243.0,304.4
508,8.669733,held_17,,frames/frame_0508_08.669733s.jpg,63.0,178.0,255.0,204.06,209.5,139.0,255.0,276.47,255.0,95.0,243.0,304.5
509,8.686367,held_17,,frames/frame_0509_08.686367s.jpg,65.0,167.5,255.0,207.63,221.0,152.5,255.0,280.1,255.0,97.0,244.0,304.18
510,8.703000,held_17,,frames/frame_0510_08.703000s.jpg,62.5,171.0,255.0,206.18,235.0,160.5,255.0,287.3,255.0,95.5,244.0,304.14
511,8.719633,held_17,,frames/frame_0511_08.719633s.jpg,63.0,151.5,255.0,212.34,235.0,159.0,255.0,287.5,255.0,104.0,255.0,300.0
512,8.736267,held_17,,frames/frame_0512_08.736267s.jpg,69.0,169.5,255.0,207.58,235.5,159.0,255.0,287.81,255.0,104.5,255.0,300.0
513,8.752900,held_17,,frames/frame_0513_08.752900s.jpg,58.5,155.0,255.0,210.53,201.5,132.5,255.0,273.8,255.0,106.0,255.0,300.0
514,8.769533,held_17,,frames/frame_0514_08.769533s.jpg,64.5,150.0,255.0,213.07,184.5,127.5,255.0,266.82,255.0,105.5,254.0,300.4
515,8.802789,held_17,,frames/frame_0515_08.802789s.jpg,93.0,187.0,255.0,205.19,205.0,138.5,255.0,274.25,255.0,89.5,235.5,307.07
516,8.819422,held_17,,frames/frame_0516_08.819422s.jpg,91.5,196.0,255.0,201.65,225.5,164.5,255.0,280.44,254.5,89.5,236.0,306.73
517,8.836056,held_17,,frames/frame_0517_08.836056s.jpg,86.0,203.0,255.0,198.46,228.5,162.0,255.0,282.9,255.0,88.5,236.5,306.67
518,8.852689,held_17,,frames/frame_0518_08.852689s.jpg,65.0,181.0,255.0,203.37,230.0,161.5,255.0,283.96,255.0,101.0,255.0,300.0
519,8.869322,held_17,,frames/frame_0519_08.869322s.jpg,74.0,179.5,255.0,205.03,223.5,156.0,255.0,280.91,255.0,99.5,254.5,300.19
520,8.885956,held_18,mixed_transition,frames/frame_0520_08.885956s.jpg,255.0,200.0,111.0,37.08,194.0,255.0,99.5,83.54,198.5,255.0,193.0,114.68
521,8.902589,held_18,,frames/frame_0521_08.902589s.jpg,255.0,202.0,107.5,38.44,197.0,255.0,105.0,83.2,93.0,255.0,190.0,155.93
522,8.919222,held_18,,frames/frame_0522_08.919222s.jpg,255.0,220.5,93.5,47.18,192.5,255.0,99.0,84.04,91.0,255.0,119.0,130.24
523,8.935856,held_18,,frames/frame_0523_08.935856s.jpg,255.0,227.0,98.0,49.3,187.0,255.0,98.0,85.99,55.5,255.0,107.5,135.64
524,8.952489,held_18,,frames/frame_0524_08.952489s.jpg,255.0,230.0,108.0,49.8,216.5,255.0,166.5,86.1,54.5,255.0,99.0,133.32
525,8.969122,held_18,,frames/frame_0525_08.969122s.jpg,255.0,229.0,100.5,49.9,223.0,255.0,165.0,81.33,54.5,255.0,109.5,136.46
526,9.002378,held_18,,frames/frame_0526_09.002378s.jpg,255.0,204.0,111.0,38.75,211.0,255.0,144.0,83.78,84.5,255.0,185.5,155.54
527,9.019011,held_18,,frames/frame_0527_09.019011s.jpg,255.0,203.0,106.5,38.99,196.0,255.0,113.5,85.02,94.0,255.0,189.5,155.59
528,9.035644,held_18,,frames/frame_0528_09.035644s.jpg,255.0,201.5,107.0,38.31,184.0,255.0,108.0,88.98,103.5,255.0,192.0,155.05
529,9.052278,held_18,,frames/frame_0529_09.052278s.jpg,255.0,225.0,95.0,48.75,199.5,255.0,123.0,85.23,75.0,255.0,127.5,137.5
530,9.068911,held_18,,frames/frame_0530_09.068911s.jpg,255.0,225.0,99.0,48.46,184.5,255.0,101.0,87.47,62.5,254.5,116.0,136.72
531,9.085544,held_18,,frames/frame_0531_09.085544s.jpg,255.0,228.0,100.5,49.51,223.0,255.0,154.5,79.1,63.5,253.0,116.0,136.62
532,9.102178,held_18,,frames/frame_0532_09.102178s.jpg,255.0,224.5,104.5,47.84,221.0,255.0,159.0,81.25,64.0,255.0,117.5,136.81
533,9.118811,held_18,,frames/frame_0533_09.118811s.jpg,255.0,201.5,113.5,37.31,223.0,255.0,174.0,83.7,92.5,255.0,193.5,157.29
534,9.135444,held_18,,frames/frame_0534_09.135444s.jpg,255.0,202.5,116.0,37.34,205.0,255.0,151.5,88.99,102.5,255.0,200.0,158.36
535,9.152078,held_18,,frames/frame_0535_09.152078s.jpg,255.0,203.5,112.5,38.32,191.0,255.0,114.0,87.23,101.5,255.0,191.0,154.98
536,9.185333,held_18,,frames/frame_0536_09.185333s.jpg,255.0,227.0,116.5,47.87,198.0,255.0,120.5,85.43,65.5,255.0,120.5,137.41
537,9.201967,held_18,,frames/frame_0537_09.201967s.jpg,255.0,225.0,113.0,47.32,207.5,255.0,122.0,81.43,69.0,255.0,109.5,133.06
538,9.218600,held_18,,frames/frame_0538_09.218600s.jpg,255.0,225.5,111.5,47.67,222.0,255.0,181.5,86.94,67.5,255.0,114.0,134.88
539,9.235233,held_18,,frames/frame_0539_09.235233s.jpg,255.0,209.5,116.0,40.36,226.0,255.0,189.0,86.36,69.0,255.0,122.5,137.26
540,9.251867,held_18,,frames/frame_0540_09.251867s.jpg,255.0,205.5,107.5,39.86,220.5,255.0,167.5,83.66,77.0,255.0,187.5,157.25
541,9.268500,held_18,,frames/frame_0541_09.268500s.jpg,255.0,200.0,105.5,37.93,197.0,255.0,142.5,90.93,74.0,255.0,169.0,151.49
542,9.285133,held_18,,frames/frame_0542_09.285133s.jpg,255.0,205.5,110.0,39.52,200.5,255.0,142.0,88.94,83.5,255.0,197.5,159.88
543,9.301767,held_18,,frames/frame_0543_09.301767s.jpg,255.0,209.0,113.5,40.49,198.5,255.0,141.0,89.74,95.0,255.0,194.5,157.31
544,9.318400,held_18,,frames/frame_0544_09.318400s.jpg,255.0,225.0,108.5,47.71,195.5,255.0,131.5,88.91,97.5,255.0,135.0,134.29
545,9.335033,held_18,,frames/frame_0545_09.335033s.jpg,255.0,224.0,109.0,47.26,207.5,255.0,157.0,89.08,82.0,255.0,133.0,137.69
546,9.351667,held_18,,frames/frame_0546_09.351667s.jpg,255.0,227.5,106.0,48.93,218.5,255.0,155.0,81.9,68.0,255.0,119.5,136.52
547,9.368300,held_18,,frames/frame_0547_09.368300s.jpg,255.0,199.0,104.0,37.75,223.0,255.0,187.0,88.24,64.0,255.0,117.5,136.81
548,9.384933,held_18,,frames/frame_0548_09.384933s.jpg,255.0,207.0,107.5,40.47,225.0,255.0,173.0,81.95,89.0,255.0,192.0,157.23
549,9.401567,held_18,,frames/frame_0549_09.401567s.jpg,255.0,204.5,108.0,39.39,209.5,255.0,141.5,84.05,91.5,255.0,206.0,162.02
550,9.418200,held_19,,frames/frame_0550_09.418200s.jpg,49.0,255.0,255.0,180.0,25.5,111.5,255.0,217.52,255.0,148.5,255.0,300.0
551,9.434833,held_19,,frames/frame_0551_09.434833s.jpg,71.5,255.0,255.0,180.0,25.5,112.5,255.0,217.25,255.0,133.0,255.0,300.0
552,9.451467,held_19,,frames/frame_0552_09.451467s.jpg,94.5,237.5,255.0,186.54,26.5,113.5,255.0,217.16,239.5,118.0,255.0,293.21
553,9.468100,held_19,,frames/frame_0553_09.468100s.jpg,94.5,245.0,255.0,183.74,40.5,131.5,255.0,214.55,241.5,120.5,255.0,293.98
554,9.484733,held_19,,frames/frame_0554_09.484733s.jpg,99.5,255.0,255.0,180.0,38.0,132.5,255.0,213.87,241.0,121.0,255.0,293.73
555,9.501367,held_19,,frames/frame_0555_09.501367s.jpg,52.5,255.0,255.0,180.0,42.0,135.0,255.0,213.8,248.0,123.5,255.0,296.81
556,9.518000,held_19,,frames/frame_0556_09.518000s.jpg,36.5,253.5,255.0,180.41,35.5,128.5,255.0,214.58,255.0,141.0,255.0,300.0
557,9.534633,held_19,,frames/frame_0557_09.534633s.jpg,32.0,253.5,255.0,180.4,27.0,110.5,255.0,218.03,255.0,144.0,255.0,300.0
558,9.551267,held_19,,frames/frame_0558_09.551267s.jpg,54.5,255.0,255.0,180.0,27.0,111.5,255.0,217.76,255.0,143.5,255.0,300.0
559,9.567900,held_19,,frames/frame_0559_09.567900s.jpg,102.5,255.0,255.0,180.0,28.5,113.5,255.0,217.48,247.5,125.0,255.0,296.54
560,9.584533,held_19,,frames/frame_0560_09.584533s.jpg,101.0,255.0,255.0,180.0,25.0,114.0,255.0,216.78,238.0,118.0,255.0,292.55
561,9.601167,held_19,,frames/frame_0561_09.601167s.jpg,92.5,255.0,255.0,180.0,37.0,139.0,255.0,211.93,237.5,118.0,255.0,292.34
562,9.617800,held_19,,frames/frame_0562_09.617800s.jpg,92.0,255.0,255.0,180.0,38.5,141.5,255.0,211.45,248.5,120.5,255.0,297.1
563,9.634433,held_19,,frames/frame_0563_09.634433s.jpg,43.5,253.5,255.0,180.43,43.0,146.5,255.0,210.71,255.0,126.0,255.0,300.0
564,9.651067,held_19,,frames/frame_0564_09.651067s.jpg,46.5,253.0,255.0,180.58,48.5,152.5,255.0,209.78,255.0,143.0,255.0,300.0
565,9.684311,held_19,,frames/frame_0565_09.684311s.jpg,55.0,254.5,255.0,180.15,29.5,127.5,255.0,213.92,255.0,144.5,255.0,300.0
566,9.700944,held_19,,frames/frame_0566_09.700944s.jpg,105.5,255.0,255.0,180.0,29.5,127.5,255.0,213.92,253.0,119.5,255.0,299.11
567,9.717578,held_19,,frames/frame_0567_09.717578s.jpg,105.5,255.0,255.0,180.0,33.0,130.5,255.0,213.65,250.5,122.5,255.0,297.96
568,9.734211,held_19,,frames/frame_0568_09.734211s.jpg,97.0,255.0,255.0,180.0,57.5,161.5,255.0,208.41,244.0,116.0,255.0,295.25
569,9.750844,held_19,,frames/frame_0569_09.750844s.jpg,118.0,255.0,255.0,180.0,60.5,166.0,255.0,207.46,247.5,116.0,255.0,296.76
570,9.767478,held_19,,frames/frame_0570_09.767478s.jpg,44.5,251.0,255.0,181.14,60.0,163.5,255.0,208.15,255.0,139.0,255.0,300.0
571,9.784111,held_19,,frames/frame_0571_09.784111s.jpg,36.0,253.0,255.0,180.55,59.5,162.5,255.0,208.39,255.0,147.0,255.0,300.0
572,9.800744,held_19,,frames/frame_0572_09.800744s.jpg,46.0,255.0,255.0,180.0,28.5,127.5,255.0,213.77,255.0,134.0,255.0,300.0
573,9.817378,held_19,,frames/frame_0573_09.817378s.jpg,60.0,254.0,255.0,180.31,32.5,129.5,255.0,213.84,255.0,148.5,255.0,300.0
574,9.834011,held_19,,frames/frame_0574_09.834011s.jpg,110.5,255.0,255.0,180.0,38.0,130.5,255.0,214.42,228.5,111.5,255.0,288.92
575,9.850644,held_19,,frames/frame_0575_09.850644s.jpg,123.5,255.0,255.0,180.0,37.0,130.5,255.0,214.27,239.0,120.5,255.0,292.86
576,9.867278,held_19,,frames/frame_0576_09.867278s.jpg,79.5,255.0,255.0,180.0,57.0,162.0,255.0,208.18,239.0,115.5,255.0,293.12
577,9.883911,held_19,,frames/frame_0577_09.883911s.jpg,77.0,255.0,255.0,180.0,50.0,156.5,255.0,208.83,247.5,123.0,255.0,296.59
578,9.900544,held_19,,frames/frame_0578_09.900544s.jpg,37.0,253.0,255.0,180.55,54.0,160.5,255.0,208.21,255.0,137.0,255.0,300.0
579,9.917178,held_19,,frames/frame_0579_09.917178s.jpg,34.0,255.0,255.0,180.0,55.5,165.0,255.0,207.07,255.0,145.0,255.0,300.0
580,9.933811,held_19,,frames/frame_0580_09.933811s.jpg,37.5,252.0,255.0,180.83,42.5,136.0,255.0,213.6,255.0,148.0,255.0,300.0
581,9.950444,held_19,,frames/frame_0581_09.950444s.jpg,43.0,252.5,255.0,180.71,42.0,135.5,255.0,213.66,255.0,147.5,255.0,300.0
582,10.000333,held_19,,frames/frame_0582_10.000333s.jpg,85.0,253.5,255.0,180.53,54.0,157.5,255.0,209.1,242.0,113.5,255.0,294.49
583,10.016967,held_19,,frames/frame_0583_10.016967s.jpg,84.0,255.0,255.0,180.0,53.5,160.0,255.0,208.29,241.5,117.0,255.0,294.13
584,10.033600,held_19,,frames/frame_0584_10.033600s.jpg,44.5,244.5,255.0,182.99,50.0,151.0,255.0,210.44,255.0,140.0,255.0,300.0
585,10.050233,held_19,,frames/frame_0585_10.050233s.jpg,39.0,250.5,255.0,181.25,51.0,158.0,255.0,208.53,248.5,132.5,255.0,296.82
586,10.066867,held_19,,frames/frame_0586_10.066867s.jpg,48.0,247.5,255.0,182.17,41.5,135.0,255.0,213.72,255.0,141.5,255.0,300.0
587,10.083500,held_19,,frames/frame_0587_10.083500s.jpg,48.5,248.0,255.0,182.03,40.0,133.0,255.0,214.05,255.0,142.0,255.0,300.0
588,10.100133,held_19,,frames/frame_0588_10.100133s.jpg,53.0,244.5,255.0,183.12,43.5,142.5,255.0,211.91,249.5,124.5,255.0,297.47
589,10.116767,held_19,,frames/frame_0589_10.116767s.jpg,95.0,254.5,255.0,180.19,39.5,135.5,255.0,213.27,247.5,124.0,255.0,296.56
590,10.133400,held_19,,frames/frame_0590_10.133400s.jpg,101.0,255.0,255.0,180.0,59.5,164.5,255.0,207.77,247.0,124.5,255.0,296.32
591,10.150033,held_19,,frames/frame_0591_10.150033s.jpg,76.5,255.0,255.0,180.0,51.5,157.0,255.0,208.89,249.0,126.0,255.0,297.21
592,10.166667,held_19,,frames/frame_0592_10.166667s.jpg,43.0,255.0,255.0,180.0,49.5,150.5,255.0,210.51,255.0,146.0,255.0,300.0
593,10.183300,held_19,,frames/frame_0593_10.183300s.jpg,38.5,255.0,255.0,180.0,50.0,143.5,255.0,212.63,255.0,147.5,255.0,300.0
594,10.199933,held_19,,frames/frame_0594_10.199933s.jpg,39.5,255.0,255.0,180.0,47.0,145.0,255.0,211.73,255.0,146.0,255.0,300.0
595,10.216567,held_19,,frames/frame_0595_10.216567s.jpg,46.5,255.0,255.0,180.0,46.5,145.5,255.0,211.51,255.0,149.5,255.0,300.0
596,10.233200,held_19,,frames/frame_0596_10.233200s.jpg,109.0,255.0,255.0,180.0,45.0,139.5,255.0,213.0,238.0,126.0,255.0,292.09
597,10.249833,held_19,,frames/frame_0597_10.249833s.jpg,100.0,255.0,255.0,180.0,38.5,130.0,255.0,214.64,239.5,121.0,255.0,293.06
598,10.266467,held_19,,frames/frame_0598_10.266467s.jpg,104.5,255.0,255.0,180.0,34.0,129.0,255.0,214.21,233.5,118.5,255.0,290.55
599,10.283100,held_19,,frames/frame_0599_10.283100s.jpg,59.5,253.0,255.0,180.61,48.0,141.5,255.0,212.9,234.0,122.0,255.0,290.53
600,10.299733,held_19,,frames/frame_0600_10.299733s.jpg,51.0,250.0,255.0,181.47,59.0,161.0,255.0,208.78,236.5,122.5,255.0,291.62
601,10.316367,held_19,,frames/frame_0601_10.316367s.jpg,48.0,250.5,255.0,181.3,42.0,128.0,255.0,215.77,252.0,134.0,255.0,298.51
602,10.333000,held_19,,frames/frame_0602_10.333000s.jpg,46.0,254.5,255.0,180.14,43.5,128.0,255.0,216.03,248.5,132.0,255.0,296.83
603,10.349633,held_19,,frames/frame_0603_10.349633s.jpg,66.0,255.0,255.0,180.0,25.5,116.0,255.0,216.34,249.5,123.0,255.0,297.5
604,10.366267,held_19,,frames/frame_0604_10.366267s.jpg,99.5,255.0,255.0,180.0,38.0,126.5,255.0,215.53,242.5,112.5,255.0,294.74
605,10.382900,held_19,,frames/frame_0605_10.382900s.jpg,95.0,254.0,255.0,180.38,52.0,155.0,255.0,209.56,243.0,119.5,255.0,294.69
606,10.399533,held_19,,frames/frame_0606_10.399533s.jpg,74.5,255.0,255.0,180.0,60.0,165.5,255.0,207.54,244.5,117.5,255.0,295.42
607,10.416167,held_19,,frames/frame_0607_10.416167s.jpg,35.0,253.5,255.0,180.41,60.0,162.5,255.0,208.46,240.0,113.0,255.0,293.66
608,10.432800,held_19,,frames/frame_0608_10.432800s.jpg,33.0,249.5,255.0,181.49,60.0,158.0,255.0,209.85,253.5,136.5,255.0,299.24
609,10.449433,held_19,,frames/frame_0609_10.449433s.jpg,38.0,253.5,255.0,180.41,43.5,127.5,255.0,216.17,255.0,144.0,255.0,300.0
610,10.466067,held_19,,frames/frame_0610_10.466067s.jpg,38.5,253.0,255.0,180.55,41.5,128.5,255.0,215.55,255.0,143.0,255.0,300.0
611,10.482700,held_19,,frames/frame_0611_10.482700s.jpg,80.0,255.0,255.0,180.0,42.5,128.0,255.0,215.86,254.0,136.5,255.0,299.49
612,10.499333,held_19,,frames/frame_0612_10.499333s.jpg,81.0,255.0,255.0,180.0,44.5,129.5,255.0,215.77,238.0,121.0,255.0,292.39
613,10.515967,held_19,,frames/frame_0613_10.515967s.jpg,95.0,255.0,255.0,180.0,64.0,161.0,255.0,209.53,225.5,113.5,255.0,287.49
614,10.532600,held_19,,frames/frame_0614_10.532600s.jpg,108.0,255.0,255.0,180.0,65.0,163.5,255.0,208.89,224.5,114.5,255.0,286.98
615,10.549233,held_19,,frames/frame_0615_10.549233s.jpg,41.5,255.0,255.0,180.0,60.5,154.0,255.0,211.16,233.0,114.0,255.0,290.64
616,10.565867,held_19,,frames/frame_0616_10.565867s.jpg,29.0,254.0,255.0,180.27,65.0,167.0,255.0,207.79,239.5,114.5,255.0,293.38
617,10.582500,held_19,,frames/frame_0617_10.582500s.jpg,33.0,255.0,255.0,180.0,43.0,130.5,255.0,215.24,237.5,119.0,255.0,292.28
618,10.599133,held_19,,frames/frame_0618_10.599133s.jpg,39.0,255.0,255.0,180.0,47.0,136.0,255.0,214.33,245.0,118.0,255.0,295.62
619,10.615767,held_19,,frames/frame_0619_10.615767s.jpg,98.5,255.0,255.0,180.0,46.0,138.0,255.0,213.59,234.5,111.5,255.0,291.43
620,10.632400,held_19,,frames/frame_0620_10.632400s.jpg,105.5,255.0,255.0,180.0,47.0,138.0,255.0,213.75,231.5,111.0,255.0,290.21
621,10.649033,held_19,,frames/frame_0621_10.649033s.jpg,100.5,255.0,255.0,180.0,54.5,144.0,255.0,213.22,224.5,111.0,255.0,287.29
622,10.665667,held_19,,frames/frame_0622_10.665667s.jpg,99.0,255.0,255.0,180.0,61.5,154.0,255.0,211.32,228.0,106.5,255.0,289.09
623,10.682300,held_19,,frames/frame_0623_10.682300s.jpg,20.5,255.0,255.0,180.0,50.0,137.5,255.0,214.39,243.0,118.0,255.0,294.74
624,10.698933,held_19,,frames/frame_0624_10.698933s.jpg,35.5,253.5,255.0,180.41,62.5,156.0,255.0,210.86,250.0,129.0,255.0,297.62
625,10.715567,held_19,,frames/frame_0625_10.715567s.jpg,57.0,255.0,255.0,180.0,30.0,121.5,255.0,215.6,248.0,127.0,255.0,296.72
626,10.732200,held_19,,frames/frame_0626_10.732200s.jpg,63.0,254.5,255.0,180.16,31.0,118.0,255.0,216.7,249.5,125.0,255.0,297.46
627,10.748833,held_19,,frames/frame_0627_10.748833s.jpg,112.0,255.0,255.0,180.0,34.5,118.0,255.0,217.28,238.0,113.0,255.0,292.82
628,10.765467,held_19,,frames/frame_0628_10.765467s.jpg,109.5,255.0,255.0,180.0,45.5,114.0,255.0,220.38,242.0,113.0,255.0,294.51
629,10.782100,held_19,,frames/frame_0629_10.782100s.jpg,110.0,255.0,255.0,180.0,55.0,148.5,255.0,211.95,234.0,111.5,255.0,291.22
630,10.798733,held_19,,frames/frame_0630_10.798733s.jpg,104.5,255.0,255.0,180.0,25.0,112.0,250.0,216.8,244.0,115.0,255.0,295.29
631,10.815367,held_19,,frames/frame_0631_10.815367s.jpg,58.5,253.0,255.0,180.61,57.5,149.5,255.0,212.05,250.5,127.5,255.0,297.88
632,10.832000,held_19,,frames/frame_0632_10.832000s.jpg,36.0,253.5,255.0,180.41,56.5,149.5,255.0,211.89,249.0,120.0,255.0,297.33
633,10.848633,held_19,,frames/frame_0633_10.848633s.jpg,49.0,252.5,255.0,180.73,34.0,123.5,255.0,215.7,253.0,118.5,255.0,299.12
634,10.865267,held_19,,frames/frame_0634_10.865267s.jpg,57.5,255.0,255.0,180.0,34.5,124.0,255.0,215.65,255.0,131.0,255.0,300.0
635,10.881900,held_19,,frames/frame_0635_10.881900s.jpg,99.0,255.0,255.0,180.0,34.5,124.0,255.0,215.65,247.0,115.0,255.0,296.57
636,10.898533,held_19,,frames/frame_0636_10.898533s.jpg,98.5,255.0,255.0,180.0,35.0,123.5,255.0,215.86,241.0,109.0,255.0,294.25
637,10.915167,held_19,,frames/frame_0637_10.915167s.jpg,76.0,255.0,255.0,180.0,48.5,142.5,255.0,212.69,238.5,108.5,255.0,293.24
638,10.931800,held_19,,frames/frame_0638_10.931800s.jpg,71.0,254.5,255.0,180.16,48.5,144.0,255.0,212.25,234.0,109.0,255.0,291.37
639,10.948433,held_19,,frames/frame_0639_10.948433s.jpg,32.5,254.0,255.0,180.27,50.0,152.0,255.0,210.15,249.0,117.5,255.0,297.38
640,10.965067,held_19,,frames/frame_0640_10.965067s.jpg,47.5,255.0,255.0,180.0,47.5,140.5,255.0,213.11,253.5,123.5,255.0,299.32
641,10.998289,held_19,,frames/frame_0641_10.998289s.jpg,46.0,255.0,255.0,180.0,42.5,122.5,255.0,217.41,254.5,133.5,255.0,299.75
642,11.014922,held_19,,frames/frame_0642_11.014922s.jpg,113.0,255.0,255.0,180.0,40.5,123.0,255.0,216.92,250.0,110.5,255.0,297.92
643,11.031556,held_19,,frames/frame_0643_11.031556s.jpg,123.0,255.0,255.0,180.0,49.5,114.5,255.0,221.02,243.5,110.0,255.0,295.24
644,11.048189,held_19,,frames/frame_0644_11.048189s.jpg,118.0,255.0,255.0,180.0,54.0,132.5,255.0,216.57,242.5,107.0,255.0,294.93
645,11.064822,held_19,,frames/frame_0645_11.064822s.jpg,108.5,255.0,255.0,180.0,42.5,117.0,250.0,218.46,242.5,109.0,255.0,294.86
646,11.081456,held_19,,frames/frame_0646_11.081456s.jpg,27.0,227.0,255.0,187.37,34.5,107.5,245.5,219.24,250.0,133.5,255.0,297.53
647,11.098089,held_19,,frames/frame_0647_11.098089s.jpg,37.0,253.5,255.0,180.41,54.0,147.5,255.0,212.09,246.0,126.0,255.0,295.81
648,11.114722,held_19,,frames/frame_0648_11.114722s.jpg,20.0,248.0,255.0,181.79,45.5,134.0,255.0,214.65,253.0,139.0,255.0,298.97
649,11.131356,held_19,,frames/frame_0649_11.131356s.jpg,38.5,240.0,255.0,184.16,48.5,132.5,255.0,215.59,254.0,139.0,255.0,299.48
650,11.147989,held_19,,frames/frame_0650_11.147989s.jpg,86.5,255.0,255.0,180.0,45.0,129.5,255.0,215.86,236.0,117.0,255.0,291.74
651,11.164622,held_19,,frames/frame_0651_11.164622s.jpg,78.0,254.5,255.0,180.17,22.5,99.0,244.0,219.28,236.5,114.5,255.0,292.1
652,11.181256,held_19,,frames/frame_0652_11.181256s.jpg,83.0,254.0,255.0,180.35,58.5,152.0,255.0,211.45,232.0,114.5,255.0,290.18
653,11.197889,held_19,,frames/frame_0653_11.197889s.jpg,84.0,255.0,255.0,180.0,56.0,136.5,255.0,215.73,229.0,116.0,255.0,288.78
654,11.214522,held_19,,frames/frame_0654_11.214522s.jpg,36.5,247.0,255.0,182.2,51.5,117.0,255.0,220.69,241.5,122.0,255.0,293.91
655,11.231156,held_19,,frames/frame_0655_11.231156s.jpg,39.5,251.5,255.0,180.97,45.5,119.5,252.0,218.5,254.5,139.0,255.0,299.74
656,11.247789,held_19,,frames/frame_0656_11.247789s.jpg,38.0,251.0,255.0,181.11,32.5,106.5,252.0,219.77,250.0,134.5,255.0,297.51
657,11.264422,held_19,,frames/frame_0657_11.264422s.jpg,42.0,249.5,255.0,181.55,35.5,109.0,254.5,219.86,255.0,144.0,255.0,300.0
658,11.281056,held_19,,frames/frame_0658_11.281056s.jpg,92.5,255.0,255.0,180.0,35.0,107.5,255.0,220.23,230.0,109.5,255.0,289.69
659,11.297689,held_19,,frames/frame_0659_11.297689s.jpg,114.5,255.0,255.0,180.0,45.0,118.0,255.0,219.14,225.5,107.0,255.0,288.04
660,11.314322,held_19,,frames/frame_0660_11.314322s.jpg,108.0,255.0,255.0,180.0,47.0,127.0,255.0,216.92,250.0,121.0,255.0,297.76
661,11.330956,held_19,,frames/frame_0661_11.330956s.jpg,64.5,255.0,255.0,180.0,44.5,126.0,255.0,216.77,244.0,116.0,255.0,295.25
662,11.347589,held_19,,frames/frame_0662_11.347589s.jpg,39.5,253.5,255.0,180.42,42.5,123.5,255.0,217.13,255.0,138.0,255.0,300.0
663,11.364222,held_19,,frames/frame_0663_11.364222s.jpg,38.0,254.0,255.0,180.28,46.5,112.0,255.0,221.15,255.0,148.0,255.0,300.0
664,11.380856,held_19,,frames/frame_0664_11.380856s.jpg,44.5,255.0,255.0,180.0,40.0,109.0,255.0,220.74,255.0,144.0,255.0,300.0
665,11.430744,held_19,,frames/frame_0665_11.430744s.jpg,94.0,255.0,255.0,180.0,49.0,129.0,255.0,216.7,243.5,112.0,255.0,295.17
666,11.447367,held_19,,frames/frame_0666_11.447367s.jpg,94.0,252.5,255.0,180.93,57.0,146.0,255.0,213.03,246.0,123.5,255.0,295.89
667,11.463989,held_19,,frames/frame_0667_11.463989s.jpg,38.5,252.0,255.0,180.83,57.0,150.5,255.0,211.67,241.0,123.0,255.0,293.64
668,11.480611,held_19,,frames/frame_0668_11.480611s.jpg,53.0,251.5,255.0,181.04,54.5,149.0,255.0,211.72,253.5,132.5,255.0,299.27
669,11.497233,held_19,,frames/frame_0669_11.497233s.jpg,37.5,252.0,255.0,180.83,40.5,121.5,255.0,217.34,255.0,130.0,255.0,300.0
670,11.513856,held_19,,frames/frame_0670_11.513856s.jpg,47.0,252.0,255.0,180.87,39.0,119.0,255.0,217.78,255.0,128.0,255.0,300.0
671,11.530478,held_19,,frames/frame_0671_11.530478s.jpg,88.0,255.0,255.0,180.0,38.0,113.5,255.0,219.12,240.5,125.0,255.0,293.31
672,11.547100,held_19,,frames/frame_0672_11.547100s.jpg,109.0,255.0,255.0,180.0,37.5,113.5,255.0,219.03,238.5,114.0,255.0,292.98
673,11.563722,held_19,,frames/frame_0673_11.563722s.jpg,109.5,255.0,255.0,180.0,53.0,147.0,255.0,212.08,238.5,116.0,255.0,292.88
674,11.580344,held_19,,frames/frame_0674_11.580344s.jpg,101.5,255.0,255.0,180.0,54.5,149.5,255.0,211.57,246.5,120.5,255.0,296.21
675,11.596967,held_19,,frames/frame_0675_11.596967s.jpg,43.5,252.0,255.0,180.85,64.0,143.5,255.0,215.03,239.5,120.5,255.0,293.09
676,11.613700,held_19,,frames/frame_0676_11.613700s.jpg,46.0,249.0,255.0,181.72,58.0,144.5,255.0,213.65,250.5,127.0,255.0,297.89
677,11.630333,held_19,,frames/frame_0677_11.630333s.jpg,40.5,251.5,255.0,180.98,35.5,123.0,255.0,216.08,255.0,143.0,255.0,300.0
678,11.646967,held_19,,frames/frame_0678_11.646967s.jpg,47.0,250.5,255.0,181.3,33.5,120.0,255.0,216.57,255.0,135.5,255.0,300.0
679,11.663600,held_19,,frames/frame_0679_11.663600s.jpg,84.5,255.0,255.0,180.0,32.5,118.0,255.0,216.94,228.5,114.5,255.0,288.68
680,11.680233,held_19,,frames/frame_0680_11.680233s.jpg,76.5,255.0,255.0,180.0,35.0,121.5,255.0,216.41,244.0,116.5,255.0,295.23
681,11.696867,held_19,,frames/frame_0681_11.696867s.jpg,69.5,255.0,255.0,180.0,55.0,149.5,255.0,211.65,241.5,121.5,255.0,293.93
682,11.713500,held_19,,frames/frame_0682_11.713500s.jpg,73.5,255.0,255.0,180.0,58.5,152.5,255.0,211.3,242.5,123.5,255.0,294.3
683,11.730133,held_19,,frames/frame_0683_11.730133s.jpg,49.0,255.0,255.0,180.0,59.0,154.5,255.0,210.77,255.0,136.5,255.0,300.0
684,11.746767,held_19,,frames/frame_0684_11.746767s.jpg,27.0,236.0,255.0,185.0,58.5,158.0,255.0,209.62,255.0,143.5,255.0,300.0
685,11.763400,held_19,,frames/frame_0685_11.763400s.jpg,24.0,255.0,255.0,180.0,40.5,128.5,255.0,215.38,255.0,152.5,255.0,300.0
686,11.780033,held_19,,frames/frame_0686_11.780033s.jpg,33.0,252.0,255.0,180.81,41.5,129.5,255.0,215.27,253.5,143.5,255.0,299.19
687,11.796667,held_19,,frames/frame_0687_11.796667s.jpg,70.0,255.0,255.0,180.0,39.0,128.0,255.0,215.28,245.0,121.5,255.0,295.51
688,11.813300,held_19,,frames/frame_0688_11.813300s.jpg,87.0,255.0,255.0,180.0,38.5,123.0,255.0,216.58,246.5,122.5,255.0,296.15
689,11.829933,held_19,,frames/frame_0689_11.829933s.jpg,83.0,255.0,255.0,180.0,62.5,154.0,255.0,211.48,247.0,123.5,255.0,296.35
690,11.846567,held_19,,frames/frame_0690_11.846567s.jpg,77.0,255.0,255.0,180.0,61.0,158.5,255.0,209.85,247.0,124.5,255.0,296.32
691,11.863200,held_19,,frames/frame_0691_11.863200s.jpg,39.5,254.0,255.0,180.28,60.5,156.5,255.0,210.39,255.0,141.0,255.0,300.0
692,11.879833,held_19,,frames/frame_0692_11.879833s.jpg,43.5,248.5,255.0,181.84,53.5,147.0,255.0,212.16,255.0,144.5,255.0,300.0
693,11.896467,held_19,,frames/frame_0693_11.896467s.jpg,46.0,249.5,255.0,181.58,31.5,116.5,255.0,217.18,255.0,147.5,255.0,300.0
694,11.913100,held_19,,frames/frame_0694_11.913100s.jpg,40.5,254.5,255.0,180.14,31.5,116.5,255.0,217.18,255.0,148.0,255.0,300.0
695,11.929733,held_19,,frames/frame_0695_11.929733s.jpg,92.5,255.0,255.0,180.0,35.0,117.5,255.0,217.5,249.5,123.5,255.0,297.49
696,11.946367,held_19,,frames/frame_0696_11.946367s.jpg,105.5,255.0,255.0,180.0,38.5,118.0,255.0,217.97,246.0,123.0,255.0,295.91
697,11.963000,held_19,,frames/frame_0697_11.963000s.jpg,98.5,255.0,255.0,180.0,53.5,150.5,255.0,211.12,244.0,123.0,255.0,295.0
698,11.979633,held_19,,frames/frame_0698_11.979633s.jpg,99.5,255.0,255.0,180.0,54.5,145.5,255.0,212.77,247.5,124.5,255.0,296.55
699,11.996267,held_19,,frames/frame_0699_11.996267s.jpg,49.0,254.5,255.0,180.15,41.5,134.0,255.0,214.0,252.0,145.5,255.0,298.36
700,12.012900,held_19,,frames/frame_0700_12.012900s.jpg,45.0,253.5,255.0,180.43,40.5,132.5,255.0,214.27,247.5,138.0,255.0,296.15
701,12.029533,held_19,,frames/frame_0701_12.029533s.jpg,38.5,254.0,255.0,180.28,29.0,117.0,255.0,216.64,245.0,122.5,255.0,295.47
702,12.046167,held_19,,frames/frame_0702_12.046167s.jpg,49.5,255.0,255.0,180.0,31.0,119.5,255.0,216.29,247.0,134.5,255.0,296.02
703,12.062800,held_19,,frames/frame_0703_12.062800s.jpg,92.0,255.0,255.0,180.0,31.5,122.5,255.0,215.57,232.0,119.5,255.0,289.82
704,12.079433,held_19,,frames/frame_0704_12.079433s.jpg,86.5,255.0,255.0,180.0,35.5,124.5,255.0,215.67,228.5,111.0,255.0,288.96
705,12.096067,held_19,,frames/frame_0705_12.096067s.jpg,76.5,255.0,255.0,180.0,49.0,147.0,255.0,211.46,248.0,119.0,255.0,296.91
706,12.112700,held_19,,frames/frame_0706_12.112700s.jpg,77.0,255.0,255.0,180.0,43.5,141.5,255.0,212.2,243.5,126.5,255.0,294.63
707,12.129333,held_19,,frames/frame_0707_12.129333s.jpg,41.0,255.0,255.0,180.0,38.5,133.5,255.0,213.67,255.0,145.0,255.0,300.0
708,12.145967,held_19,,frames/frame_0708_12.145967s.jpg,44.0,255.0,255.0,180.0,23.5,114.0,255.0,216.54,243.5,126.0,255.0,294.65
709,12.162600,held_19,,frames/frame_0709_12.162600s.jpg,41.5,255.0,255.0,180.0,30.0,111.0,255.0,218.4,255.0,144.0,255.0,300.0
710,12.179233,held_19,,frames/frame_0710_12.179233s.jpg,43.0,255.0,255.0,180.0,36.5,123.5,255.0,216.11,255.0,150.0,255.0,300.0
711,12.195867,held_19,,frames/frame_0711_12.195867s.jpg,98.0,255.0,255.0,180.0,45.5,126.5,255.0,216.8,228.0,114.5,255.0,288.47
712,12.212500,held_19,,frames/frame_0712_12.212500s.jpg,112.0,255.0,255.0,180.0,43.5,130.5,255.0,215.32,220.5,111.5,255.0,285.57
713,12.229133,held_19,,frames/frame_0713_12.229133s.jpg,95.0,255.0,255.0,180.0,56.0,155.5,255.0,210.0,225.0,122.5,255.0,286.42
714,12.245767,held_19,,frames/frame_0714_12.245767s.jpg,91.5,255.0,255.0,180.0,56.0,157.5,255.0,209.4,231.0,115.5,255.0,289.68
715,12.262400,held_19,,frames/frame_0715_12.262400s.jpg,47.0,245.5,255.0,182.74,56.5,156.5,255.0,209.77,230.5,122.0,255.0,288.95
716,12.279033,held_19,,frames/frame_0716_12.279033s.jpg,35.0,254.0,255.0,180.27,51.0,146.5,255.0,211.91,229.5,128.5,255.0,287.91
717,12.295667,held_19,,frames/frame_0717_12.295667s.jpg,43.5,255.0,255.0,180.0,46.5,134.5,255.0,214.68,244.0,141.0,255.0,294.21
718,12.312300,held_19,,frames/frame_0718_12.312300s.jpg,45.0,255.0,255.0,180.0,45.5,134.5,255.0,214.51,247.0,141.0,255.0,295.79
719,12.328933,held_19,,frames/frame_0719_12.328933s.jpg,102.5,255.0,255.0,180.0,44.5,134.0,255.0,214.49,230.0,121.5,255.0,288.76
720,12.345567,held_19,,frames/frame_0720_12.345567s.jpg,102.5,255.0,255.0,180.0,50.0,143.0,255.0,212.78,220.0,117.5,255.0,284.73
721,12.362200,held_19,,frames/frame_0721_12.362200s.jpg,95.0,255.0,255.0,180.0,68.0,171.5,255.0,206.79,249.0,126.5,255.0,297.2
722,12.378833,held_19,,frames/frame_0722_12.378833s.jpg,96.5,255.0,255.0,180.0,66.0,170.0,255.0,206.98,242.0,123.5,255.0,294.07
723,12.395467,held_19,,frames/frame_0723_12.395467s.jpg,36.0,253.5,255.0,180.41,63.5,163.5,255.0,208.67,255.0,128.0,255.0,300.0
724,12.412100,held_19,,frames/frame_0724_12.412100s.jpg,41.5,255.0,255.0,180.0,42.0,139.0,255.0,212.68,255.0,142.5,255.0,300.0
725,12.428733,held_19,,frames/frame_0725_12.428733s.jpg,43.5,255.0,255.0,180.0,43.0,143.0,255.0,211.7,255.0,136.5,255.0,300.0
726,12.445367,held_19,,frames/frame_0726_12.445367s.jpg,49.5,255.0,255.0,180.0,48.0,138.5,255.0,213.77,255.0,142.5,255.0,300.0
727,12.462000,held_19,,frames/frame_0727_12.462000s.jpg,107.5,255.0,255.0,180.0,44.5,142.5,255.0,212.07,245.5,120.5,255.0,295.76
728,12.478633,held_19,,frames/frame_0728_12.478633s.jpg,116.0,255.0,255.0,180.0,60.5,159.5,255.0,209.46,253.5,124.5,255.0,299.31
729,12.495267,held_19,,frames/frame_0729_12.495267s.jpg,116.0,255.0,255.0,180.0,61.5,171.5,255.0,205.89,242.5,120.0,255.0,294.44
730,12.511900,held_19,,frames/frame_0730_12.511900s.jpg,64.5,255.0,255.0,180.0,58.0,168.0,255.0,206.5,252.5,131.5,255.0,298.79
731,12.528533,held_19,,frames/frame_0731_12.528533s.jpg,55.0,255.0,255.0,180.0,59.0,170.0,255.0,206.02,255.0,146.0,255.0,300.0
732,12.545167,held_19,,frames/frame_0732_12.545167s.jpg,48.0,255.0,255.0,180.0,43.5,132.0,255.0,214.89,255.0,149.5,255.0,300.0
733,12.561800,held_19,,frames/frame_0733_12.561800s.jpg,59.0,255.0,255.0,180.0,45.5,138.5,255.0,213.37,255.0,149.0,255.0,300.0
734,12.578433,held_19,,frames/frame_0734_12.578433s.jpg,84.5,255.0,255.0,180.0,46.0,132.5,255.0,215.17,255.0,149.0,255.0,300.0
735,12.595067,held_19,,frames/frame_0735_12.595067s.jpg,110.5,255.0,255.0,180.0,46.5,131.0,255.0,215.68,248.0,123.5,255.0,296.81
736,12.611700,held_19,,frames/frame_0736_12.611700s.jpg,114.0,255.0,255.0,180.0,60.5,164.0,255.0,208.07,245.5,120.0,255.0,295.78
737,12.628333,held_19,,frames/frame_0737_12.628333s.jpg,112.0,255.0,255.0,180.0,63.0,169.5,255.0,206.72,242.0,121.5,255.0,294.16
738,12.644967,held_19,,frames/frame_0738_12.644967s.jpg,41.5,255.0,255.0,180.0,61.5,164.0,255.0,208.22,243.0,124.0,255.0,294.5
739,12.661600,held_19,,frames/frame_0739_12.661600s.jpg,39.5,255.0,255.0,180.0,60.0,159.5,255.0,209.38,255.0,151.0,255.0,300.0
740,12.678233,held_19,,frames/frame_0740_12.678233s.jpg,43.5,255.0,255.0,180.0,41.0,133.0,255.0,214.21,255.0,151.5,255.0,300.0
741,12.694867,held_19,,frames/frame_0741_12.694867s.jpg,56.5,254.5,255.0,180.15,49.5,151.0,255.0,210.36,255.0,155.0,255.0,300.0
742,12.711500,held_19,,frames/frame_0742_12.711500s.jpg,117.5,255.0,255.0,180.0,49.5,140.0,255.0,213.58,249.0,139.0,255.0,296.9
743,12.728133,held_19,,frames/frame_0743_12.728133s.jpg,113.0,255.0,255.0,180.0,49.5,142.5,255.0,212.85,246.5,126.0,255.0,296.05
744,12.744767,held_19,,frames/frame_0744_12.744767s.jpg,125.5,255.0,255.0,180.0,61.0,173.5,255.0,205.21,246.0,125.0,255.0,295.85
745,12.761400,held_19,,frames/frame_0745_12.761400s.jpg,119.5,255.0,255.0,180.0,60.5,173.0,255.0,205.3,245.0,121.5,255.0,295.51
746,12.778033,held_19,,frames/frame_0746_12.778033s.jpg,49.5,255.0,255.0,180.0,59.5,172.0,255.0,205.47,244.5,124.5,255.0,295.17
747,12.794667,held_19,,frames/frame_0747_12.794667s.jpg,44.0,255.0,255.0,180.0,60.5,174.0,255.0,204.99,255.0,142.0,255.0,300.0
748,12.811300,held_19,,frames/frame_0748_12.811300s.jpg,50.5,255.0,255.0,180.0,38.5,147.0,255.0,209.93,255.0,138.0,255.0,300.0
749,12.827933,held_19,,frames/frame_0749_12.827933s.jpg,51.5,255.0,255.0,180.0,40.5,149.0,255.0,209.65,232.5,128.5,255.0,289.33
750,12.844567,held_19,,frames/frame_0750_12.844567s.jpg,126.0,255.0,255.0,180.0,36.5,142.5,255.0,210.89,233.0,130.0,255.0,289.44
751,12.861200,held_19,,frames/frame_0751_12.861200s.jpg,135.5,255.0,255.0,180.0,41.0,144.0,255.0,211.12,220.5,123.5,255.0,284.26
752,12.877833,held_19,,frames/frame_0752_12.877833s.jpg,89.0,253.0,255.0,180.72,69.0,173.5,255.0,206.29,223.0,120.0,255.0,285.78
753,12.894467,held_19,,frames/frame_0753_12.894467s.jpg,106.0,255.0,255.0,180.0,57.5,164.0,255.0,207.65,230.0,129.0,255.0,288.1
754,12.911100,held_19,,frames/frame_0754_12.911100s.jpg,52.5,255.0,255.0,180.0,55.0,161.5,255.0,208.05,243.0,136.5,255.0,293.92
755,12.927733,held_19,,frames/frame_0755_12.927733s.jpg,54.5,255.0,254.0,179.7,48.0,146.0,255.0,211.59,254.5,133.5,255.0,299.75
756,12.944367,held_19,,frames/frame_0756_12.944367s.jpg,55.0,255.0,255.0,180.0,37.5,137.5,255.0,212.41,251.0,137.5,255.0,297.96
757,12.961000,held_19,,frames/frame_0757_12.961000s.jpg,44.0,255.0,255.0,180.0,41.0,148.0,255.0,210.0,249.5,146.0,255.0,296.97
758,12.977633,held_19,,frames/frame_0758_12.977633s.jpg,132.0,255.0,255.0,180.0,40.0,141.0,255.0,211.81,239.0,124.5,255.0,292.64
759,12.994267,held_19,,frames/frame_0759_12.994267s.jpg,126.0,255.0,255.0,180.0,43.0,130.5,255.0,215.24,246.0,123.5,255.0,295.89
760,13.010900,held_19,,frames/frame_0760_13.010900s.jpg,106.5,236.5,255.0,187.47,23.0,125.0,246.0,212.56,248.5,126.5,255.0,296.96
761,13.027533,held_19,,frames/frame_0761_13.027533s.jpg,97.5,255.0,255.0,180.0,48.5,145.5,255.0,211.82,251.5,124.5,255.0,298.39
762,13.044167,held_19,,frames/frame_0762_13.044167s.jpg,48.5,255.0,254.5,179.85,56.5,158.5,255.0,209.17,247.0,129.0,255.0,296.19
763,13.060800,held_19,,frames/frame_0763_13.060800s.jpg,46.5,254.0,255.0,180.29,56.0,161.5,255.0,208.19,255.0,148.0,255.0,300.0
764,13.077433,held_19,,frames/frame_0764_13.077433s.jpg,56.5,255.0,253.0,179.4,39.5,125.5,255.0,216.06,252.5,142.5,255.0,298.67
765,13.094067,held_19,,frames/frame_0765_13.094067s.jpg,60.0,253.0,254.0,180.31,38.0,137.0,255.0,212.63,254.0,139.5,255.0,299.48
766,13.110700,held_19,,frames/frame_0766_13.110700s.jpg,120.5,255.0,255.0,180.0,34.0,130.0,255.0,213.94,245.5,127.5,255.0,295.53
767,13.127333,held_19,,frames/frame_0767_13.127333s.jpg,120.5,255.0,255.0,180.0,35.5,129.0,255.0,214.44,247.5,121.5,255.0,296.63
768,13.143967,held_19,,frames/frame_0768_13.143967s.jpg,124.0,255.0,255.0,180.0,47.5,157.0,255.0,208.34,237.5,121.0,255.0,292.16
769,13.160600,held_19,,frames/frame_0769_13.160600s.jpg,124.5,255.0,255.0,180.0,51.0,163.0,255.0,207.06,231.5,119.5,255.0,289.59
770,13.177233,held_19,,frames/frame_0770_13.177233s.jpg,54.5,254.0,255.0,180.3,46.5,155.0,255.0,208.78,244.5,137.0,255.0,294.66
771,13.193867,held_19,,frames/frame_0771_13.193867s.jpg,54.0,254.0,255.0,180.3,52.0,157.5,255.0,208.82,255.0,150.5,255.0,300.0
772,13.210500,held_19,,frames/frame_0772_13.210500s.jpg,42.0,253.0,255.0,180.56,25.5,116.0,255.0,216.34,246.0,137.0,255.0,295.42
773,13.227133,held_19,,frames/frame_0773_13.227133s.jpg,53.0,253.0,255.0,180.59,25.0,113.0,255.0,217.04,255.0,152.5,255.0,300.0
774,13.243767,held_19,,frames/frame_0774_13.243767s.jpg,115.5,252.0,255.0,181.29,27.5,115.5,255.0,216.79,232.5,117.0,255.0,290.22
775,13.260400,held_19,,frames/frame_0775_13.260400s.jpg,109.0,255.0,255.0,180.0,28.0,116.0,255.0,216.74,239.5,118.0,255.0,293.21
776,13.277033,held_19,,frames/frame_0776_13.277033s.jpg,102.5,255.0,255.0,180.0,52.5,155.0,255.0,209.63,243.5,125.5,255.0,294.67
777,13.293667,held_19,,frames/frame_0777_13.293667s.jpg,99.0,255.0,255.0,180.0,52.0,157.5,255.0,208.82,236.0,125.5,255.0,291.2
778,13.310300,held_19,,frames/frame_0778_13.310300s.jpg,58.5,255.0,255.0,180.0,56.0,156.0,255.0,209.85,240.5,129.5,255.0,293.07
779,13.326933,held_19,,frames/frame_0779_13.326933s.jpg,46.0,255.0,255.0,180.0,56.0,159.5,255.0,208.79,252.5,137.5,255.0,298.72
780,13.343567,held_19,,frames/frame_0780_13.343567s.jpg,51.5,252.0,255.0,180.88,44.0,129.0,255.0,215.83,255.0,140.5,255.0,300.0
781,13.360200,held_19,,frames/frame_0781_13.360200s.jpg,57.0,250.5,255.0,181.36,30.0,116.0,255.0,217.07,255.0,147.5,255.0,300.0
782,13.376833,held_19,,frames/frame_0782_13.376833s.jpg,114.5,255.0,255.0,180.0,39.5,133.0,255.0,213.97,237.5,118.5,255.0,292.31
783,13.393467,held_19,,frames/frame_0783_13.393467s.jpg,116.0,255.0,255.0,180.0,39.0,134.0,255.0,213.61,237.0,121.0,255.0,291.94
784,13.410100,held_19,,frames/frame_0784_13.410100s.jpg,119.5,255.0,255.0,180.0,58.0,153.0,255.0,211.07,236.0,118.0,255.0,291.68
785,13.426733,held_19,,frames/frame_0785_13.426733s.jpg,97.5,254.0,255.0,180.38,56.5,153.0,255.0,210.83,242.5,124.0,255.0,294.27
786,13.443367,held_19,,frames/frame_0786_13.443367s.jpg,42.0,252.5,255.0,180.7,60.5,154.0,255.0,211.16,251.0,140.0,255.0,297.91
787,13.460000,held_19,,frames/frame_0787_13.460000s.jpg,42.0,255.0,255.0,180.0,50.5,149.5,255.0,210.95,253.5,148.5,255.0,299.15
788,13.476633,held_19,,frames/frame_0788_13.476633s.jpg,48.0,255.0,255.0,180.0,38.0,127.5,255.0,215.25,255.0,150.5,255.0,300.0
789,13.493267,held_19,,frames/frame_0789_13.493267s.jpg,55.5,255.0,255.0,180.0,28.5,118.0,255.0,216.29,246.0,141.5,255.0,295.24
790,13.509900,held_19,,frames/frame_0790_13.509900s.jpg,100.5,255.0,255.0,180.0,32.0,116.5,255.0,217.26,246.5,125.5,255.0,296.06
791,13.526533,held_19,,frames/frame_0791_13.526533s.jpg,123.5,255.0,255.0,180.0,43.0,132.5,255.0,214.67,246.0,132.5,255.0,295.59
792,13.543167,held_19,,frames/frame_0792_13.543167s.jpg,128.5,255.0,255.0,180.0,55.5,160.5,255.0,208.42,234.5,124.0,255.0,290.61
793,13.559800,held_19,,frames/frame_0793_13.559800s.jpg,56.0,254.0,255.0,180.3,54.5,159.5,255.0,208.58,224.5,120.0,255.0,286.44
794,13.576433,held_19,,frames/frame_0794_13.576433s.jpg,40.0,252.0,255.0,180.84,46.5,151.5,255.0,209.78,241.5,132.0,255.0,293.41
795,13.593067,held_19,,frames/frame_0795_13.593067s.jpg,39.0,247.0,255.0,182.22,34.0,134.0,255.0,212.85,251.0,135.5,255.0,297.99
796,13.609700,held_19,,frames/frame_0796_13.609700s.jpg,52.5,255.0,255.0,180.0,29.0,124.0,255.0,214.78,253.0,138.5,255.0,298.97
797,13.626333,held_19,,frames/frame_0797_13.626333s.jpg,61.0,247.5,255.0,182.32,33.5,125.0,255.0,215.21,253.5,136.5,255.0,299.24
798,13.642967,held_19,,frames/frame_0798_13.642967s.jpg,98.0,255.0,255.0,180.0,37.5,128.5,255.0,214.9,252.0,127.5,255.0,298.59
799,13.659600,held_19,,frames/frame_0799_13.659600s.jpg,97.0,255.0,255.0,180.0,51.0,152.0,255.0,210.29,248.5,126.0,255.0,296.98
800,13.676233,held_19,,frames/frame_0800_13.676233s.jpg,92.0,255.0,255.0,180.0,50.0,152.0,255.0,210.15,226.5,117.5,255.0,287.56
801,13.692867,held_19,,frames/frame_0801_13.692867s.jpg,33.5,255.0,255.0,180.0,54.5,154.5,255.0,210.07,232.5,122.5,255.0,289.81
802,13.709500,held_19,,frames/frame_0802_13.709500s.jpg,47.0,255.0,255.0,180.0,54.0,158.5,255.0,208.81,255.0,152.5,255.0,300.0
803,13.726133,held_19,,frames/frame_0803_13.726133s.jpg,50.5,251.5,255.0,181.03,44.0,141.0,255.0,212.42,240.0,130.5,255.0,292.77
804,13.742767,held_19,,frames/frame_0804_13.742767s.jpg,46.5,254.5,255.0,180.14,37.0,134.5,255.0,213.17,247.0,138.0,255.0,295.9
805,13.759400,held_19,,frames/frame_0805_13.759400s.jpg,94.5,255.0,255.0,180.0,45.0,146.5,255.0,211.0,236.5,124.0,255.0,291.53
806,13.776033,held_19,,frames/frame_0806_13.776033s.jpg,118.5,255.0,255.0,180.0,44.5,146.5,255.0,210.93,238.0,117.0,255.0,292.61
807,13.792667,held_19,,frames/frame_0807_13.792667s.jpg,120.0,255.0,255.0,180.0,61.0,162.0,255.0,208.76,231.5,120.5,255.0,289.52
808,13.809300,held_19,,frames/frame_0808_13.809300s.jpg,82.0,255.0,255.0,180.0,62.5,171.5,255.0,206.03,242.0,124.0,255.0,294.05
809,13.825933,held_19,,frames/frame_0809_13.825933s.jpg,33.0,254.0,255.0,180.27,62.5,171.0,255.0,206.18,239.0,124.0,255.0,292.67
810,13.842567,held_19,,frames/frame_0810_13.842567s.jpg,39.5,255.0,255.0,180.0,61.0,168.5,255.0,206.75,248.0,146.5,255.0,296.13
811,13.859200,held_19,,frames/frame_0811_13.859200s.jpg,44.0,251.5,255.0,181.0,43.0,134.0,255.0,214.25,255.0,152.0,255.0,300.0
812,13.875833,held_19,,frames/frame_0812_13.875833s.jpg,41.5,252.5,255.0,180.7,38.5,145.0,255.0,210.48,255.0,153.0,255.0,300.0
813,13.892467,held_19,,frames/frame_0813_13.892467s.jpg,81.0,255.0,255.0,180.0,40.0,140.5,255.0,211.95,255.0,147.5,255.0,300.0
814,13.909100,held_19,,frames/frame_0814_13.909100s.jpg,84.5,255.0,255.0,180.0,39.0,139.0,255.0,212.22,240.0,125.5,255.0,293.05
815,13.925733,held_19,,frames/frame_0815_13.925733s.jpg,68.0,254.0,255.0,180.32,54.5,157.0,255.0,209.33,246.0,126.5,255.0,295.8
816,13.942367,held_19,,frames/frame_0816_13.942367s.jpg,85.5,255.0,255.0,180.0,61.0,171.0,255.0,205.98,237.5,125.0,255.0,291.92
817,13.959000,held_19,,frames/frame_0817_13.959000s.jpg,30.5,253.0,255.0,180.53,63.5,171.0,255.0,206.32,242.5,126.5,255.0,294.16
818,13.975633,held_19,,frames/frame_0818_13.975633s.jpg,35.0,243.5,255.0,183.14,62.0,170.0,255.0,206.42,255.0,156.0,255.0,300.0
819,13.992267,held_19,,frames/frame_0819_13.992267s.jpg,41.0,249.5,255.0,181.54,38.0,132.0,255.0,214.01,255.0,156.5,255.0,300.0
820,14.008900,held_19,,frames/frame_0820_14.008900s.jpg,44.0,254.0,255.0,180.28,40.5,137.0,255.0,213.01,255.0,151.5,255.0,300.0
821,14.025533,held_19,,frames/frame_0821_14.025533s.jpg,94.0,255.0,255.0,180.0,40.0,138.0,255.0,212.65,255.0,143.5,255.0,300.0
822,14.042167,held_19,,frames/frame_0822_14.042167s.jpg,114.5,255.0,255.0,180.0,39.0,134.0,255.0,213.61,236.0,120.0,255.0,291.56
823,14.058800,held_19,,frames/frame_0823_14.058800s.jpg,106.0,255.0,255.0,180.0,57.5,165.0,255.0,207.34,237.5,127.5,255.0,291.76
824,14.075433,held_19,,frames/frame_0824_14.075433s.jpg,109.0,255.0,255.0,180.0,57.5,164.0,255.0,207.65,223.0,127.5,255.0,284.94
825,14.092067,held_19,,frames/frame_0825_14.092067s.jpg,37.0,251.0,255.0,181.1,59.0,164.0,255.0,207.86,243.0,123.5,255.0,294.52
826,14.108700,held_19,,frames/frame_0826_14.108700s.jpg,42.5,254.0,255.0,180.28,61.0,155.0,255.0,210.93,255.0,147.5,255.0,300.0
827,14.125333,held_19,,frames/frame_0827_14.125333s.jpg,41.0,254.5,255.0,180.14,41.5,135.0,255.0,213.72,255.0,152.0,255.0,300.0
828,14.141967,held_19,,frames/frame_0828_14.141967s.jpg,56.5,255.0,255.0,180.0,37.0,141.5,255.0,211.24,255.0,153.5,255.0,300.0
829,14.158600,held_19,,frames/frame_0829_14.158600s.jpg,82.5,255.0,255.0,180.0,39.0,144.5,255.0,210.69,238.0,122.5,255.0,292.3
830,14.175233,held_19,,frames/frame_0830_14.175233s.jpg,120.5,255.0,255.0,180.0,29.0,113.5,254.5,217.52,228.0,117.5,255.0,288.22
831,14.191867,held_19,,frames/frame_0831_14.191867s.jpg,113.0,255.0,255.0,180.0,53.0,159.5,255.0,208.37,229.0,121.5,255.0,288.31
832,14.208400,held_19,,frames/frame_0832_14.208400s.jpg,123.5,255.0,255.0,180.0,57.0,166.0,255.0,206.97,233.5,127.0,255.0,289.92
833,14.224933,held_19,,frames/frame_0833_14.224933s.jpg,45.0,249.0,255.0,181.71,55.5,164.0,255.0,207.37,244.5,137.0,255.0,294.66
834,14.241667,held_19,,frames/frame_0834_14.241667s.jpg,52.0,254.0,255.0,180.3,54.5,164.5,255.0,207.08,244.5,146.5,255.0,294.19
835,14.258300,held_19,,frames/frame_0835_14.258300s.jpg,53.0,245.5,255.0,182.82,38.0,127.5,255.0,215.25,255.0,157.0,255.0,300.0
836,14.274933,held_19,,frames/frame_0836_14.274933s.jpg,56.0,255.0,255.0,180.0,29.5,127.5,255.0,213.92,255.0,148.5,255.0,300.0
837,14.291567,held_19,,frames/frame_0837_14.291567s.jpg,106.5,255.0,255.0,180.0,24.0,118.5,255.0,215.45,234.5,124.5,255.0,290.57
838,14.308200,held_19,,frames/frame_0838_14.308200s.jpg,114.0,255.0,255.0,180.0,34.0,140.0,255.0,211.22,234.0,120.5,255.0,290.63
839,14.324833,held_19,,frames/frame_0839_14.324833s.jpg,111.0,255.0,255.0,180.0,58.0,162.0,255.0,208.32,228.0,118.5,255.0,288.13
840,14.341467,held_19,,frames/frame_0840_14.341467s.jpg,118.5,255.0,255.0,180.0,49.5,149.5,255.0,210.8,231.0,117.0,255.0,289.57
841,14.358100,held_19,,frames/frame_0841_14.358100s.jpg,32.5,253.0,255.0,180.54,50.0,137.5,255.0,214.39,245.0,144.5,255.0,294.57
842,14.374733,held_19,,frames/frame_0842_14.374733s.jpg,50.0,253.0,255.0,180.59,53.0,151.5,255.0,210.74,251.0,152.5,255.0,297.66
843,14.391367,held_19,,frames/frame_0843_14.391367s.jpg,52.5,254.5,255.0,180.15,34.5,126.0,255.0,215.1,255.0,154.5,255.0,300.0
844,14.408000,held_19,,frames/frame_0844_14.408000s.jpg,61.0,255.0,255.0,180.0,38.0,129.5,255.0,214.7,255.0,155.0,255.0,300.0
845,14.424633,animation,mixed_transition,frames/frame_0845_14.424633s.jpg,216.0,255.0,255.0,180.0,37.0,130.0,255.0,214.4,224.5,112.0,255.0,287.2
846,14.441267,animation,,frames/frame_0846_14.441267s.jpg,255.0,120.5,246.5,303.79,255.0,198.5,99.5,38.2,182.5,255.0,108.0,89.59
847,14.457900,animation,,frames/frame_0847_14.457900s.jpg,255.0,132.0,255.0,300.0,255.0,204.5,96.0,40.94,199.0,255.0,110.5,83.25
848,14.474533,animation,,frames/frame_0848_14.474533s.jpg,255.0,133.5,255.0,300.0,255.0,200.5,96.0,39.43,216.0,255.0,112.5,76.42
849,14.491167,animation,,frames/frame_0849_14.491167s.jpg,255.0,109.0,255.0,300.0,255.0,170.0,88.5,29.37,242.5,255.0,162.0,68.06
850,14.507800,animation,,frames/frame_0850_14.507800s.jpg,255.0,112.0,255.0,300.0,255.0,151.5,94.5,21.31,254.5,255.0,166.0,60.34
851,14.524433,animation,,frames/frame_0851_14.524433s.jpg,255.0,120.5,255.0,300.0,255.0,133.5,98.5,13.42,253.5,255.0,161.5,60.96
852,14.541067,animation,,frames/frame_0852_14.541067s.jpg,255.0,120.5,255.0,300.0,255.0,121.0,97.0,9.11,250.5,255.0,180.0,63.6
853,14.557700,animation,,frames/frame_0853_14.557700s.jpg,255.0,143.0,255.0,300.0,255.0,109.0,98.0,4.2,246.5,255.0,100.0,63.29
854,14.574333,animation,,frames/frame_0854_14.574333s.jpg,255.0,155.5,255.0,300.0,255.0,107.0,102.0,1.96,248.5,255.0,97.5,62.48
855,14.590967,animation,,frames/frame_0855_14.590967s.jpg,255.0,152.5,255.0,300.0,255.0,109.0,98.0,4.2,252.0,251.5,94.0,59.81
856,14.607600,animation,,frames/frame_0856_14.607600s.jpg,255.0,144.0,255.0,300.0,255.0,108.5,113.5,357.95,255.0,250.0,95.0,58.12
857,14.624233,animation,,frames/frame_0857_14.624233s.jpg,255.0,137.5,255.0,300.0,255.0,101.5,127.5,349.84,255.0,253.5,96.5,59.43
858,14.640867,animation,,frames/frame_0858_14.640867s.jpg,251.0,141.0,255.0,297.89,255.0,86.0,136.0,342.25,255.0,244.5,90.0,56.18
859,14.657500,animation,,frames/frame_0859_14.657500s.jpg,255.0,146.0,255.0,300.0,255.0,85.5,150.0,337.17,255.0,241.5,82.0,55.32
860,14.674133,animation,,frames/frame_0860_14.674133s.jpg,255.0,150.0,255.0,300.0,255.0,86.0,164.5,332.13,255.0,227.5,84.0,50.35
861,14.690767,animation,,frames/frame_0861_14.690767s.jpg,255.0,168.0,255.0,300.0,255.0,80.5,171.5,328.71,255.0,205.0,81.5,42.71
862,14.707400,animation,,frames/frame_0862_14.707400s.jpg,255.0,168.0,255.0,300.0,255.0,104.0,224.5,312.12,255.0,188.5,90.0,35.82
863,14.724033,animation,,frames/frame_0863_14.724033s.jpg,255.0,171.5,255.0,300.0,255.0,113.5,232.0,309.75,255.0,193.0,95.5,36.68
864,14.740667,animation,,frames/frame_0864_14.740667s.jpg,220.0,148.0,255.0,280.37,255.0,122.0,246.0,304.06,255.0,179.5,92.5,32.12
865,14.757300,animation,,frames/frame_0865_14.757300s.jpg,233.5,154.0,255.0,287.23,255.0,117.0,245.0,304.35,255.0,188.5,89.0,35.96
866,14.773933,animation,,frames/frame_0866_14.773933s.jpg,216.0,147.5,255.0,278.23,255.0,104.5,244.5,304.19,255.0,175.0,92.5,30.46
867,14.790567,animation,,frames/frame_0867_14.790567s.jpg,207.5,140.0,255.0,275.22,255.0,108.5,245.0,304.1,255.0,165.0,97.5,25.71
868,14.807200,animation,,frames/frame_0868_14.807200s.jpg,222.5,174.5,255.0,275.78,255.0,115.5,255.0,300.0,255.0,146.5,102.5,17.31
869,14.823833,animation,,frames/frame_0869_14.823833s.jpg,200.0,160.0,255.0,265.26,255.0,115.5,255.0,300.0,255.0,115.0,95.5,7.34
870,14.840467,animation,,frames/frame_0870_14.840467s.jpg,177.0,161.5,255.0,249.95,255.0,143.5,255.0,300.0,255.0,94.5,94.5,0.0
871,14.857100,animation,,frames/frame_0871_14.857100s.jpg,195.5,179.0,255.0,253.03,255.0,145.5,255.0,300.0,255.0,85.5,95.0,356.64
872,14.873733,animation,,frames/frame_0872_14.873733s.jpg,143.0,156.5,255.0,232.77,255.0,158.0,255.0,300.0,255.0,75.0,99.0,352.0
873,14.890367,animation,,frames/frame_0873_14.890367s.jpg,129.0,161.5,255.0,224.52,255.0,157.5,255.0,300.0,255.0,73.5,100.0,351.24
874,14.907000,animation,,frames/frame_0874_14.907000s.jpg,114.0,150.5,255.0,224.47,255.0,137.0,255.0,300.0,255.0,74.5,120.5,344.71
875,14.923633,animation,,frames/frame_0875_14.923633s.jpg,107.5,155.0,255.0,220.68,255.0,138.0,255.0,300.0,255.0,75.5,123.5,343.96
876,14.940267,animation,,frames/frame_0876_14.940267s.jpg,110.0,169.5,255.0,215.38,255.0,141.0,255.0,300.0,255.0,78.0,143.0,337.97
877,14.956900,animation,,frames/frame_0877_14.956900s.jpg,100.0,175.0,255.0,210.97,255.0,138.5,255.0,300.0,255.0,71.5,160.0,331.06
878,14.973533,animation,,frames/frame_0878_14.973533s.jpg,82.0,164.0,255.0,211.56,255.0,160.5,255.0,300.0,255.0,72.5,172.0,327.29
879,14.990167,animation,,frames/frame_0879_14.990167s.jpg,55.0,166.5,255.0,206.55,255.0,170.0,255.0,300.0,255.0,76.0,190.5,321.62
880,15.006800,animation,,frames/frame_0880_15.006800s.jpg,40.5,129.0,255.0,215.24,255.0,170.5,255.0,300.0,255.0,77.0,208.5,315.67
881,15.023433,animation,,frames/frame_0881_15.023433s.jpg,42.0,139.0,255.0,212.68,254.5,162.5,255.0,299.68,255.0,81.5,219.5,312.28
882,15.040067,animation,,frames/frame_0882_15.040067s.jpg,46.5,147.0,255.0,211.08,225.5,144.0,255.0,284.05,255.0,83.0,231.0,308.37
883,15.056700,animation,,frames/frame_0883_15.056700s.jpg,49.5,168.5,255.0,205.26,222.0,144.0,255.0,282.16,255.0,91.5,241.5,304.95
884,15.073333,animation,,frames/frame_0884_15.073333s.jpg,51.0,201.5,255.0,195.74,217.5,140.0,255.0,280.43,255.0,89.0,252.5,300.9
885,15.089967,animation,,frames/frame_0885_15.089967s.jpg,48.5,215.5,255.0,191.48,193.0,148.0,255.0,265.23,255.0,93.0,255.0,300.0
886,15.106600,animation,,frames/frame_0886_15.106600s.jpg,34.5,220.5,255.0,189.39,218.0,166.0,255.0,275.06,255.0,101.0,255.0,300.0
887,15.123233,animation,,frames/frame_0887_15.123233s.jpg,30.5,238.0,255.0,184.54,202.5,172.5,255.0,261.82,255.0,106.0,255.0,300.0
888,15.139867,animation,,frames/frame_0888_15.139867s.jpg,28.5,219.0,255.0,189.54,196.5,175.5,255.0,255.85,255.0,111.0,255.0,300.0
889,15.156500,animation,,frames/frame_0889_15.156500s.jpg,18.5,231.0,255.0,186.09,167.0,175.0,255.0,234.55,255.0,132.5,255.0,300.0
890,15.173133,animation,,frames/frame_0890_15.173133s.jpg,14.5,236.0,255.0,184.74,128.5,152.0,255.0,228.85,255.0,138.5,255.0,300.0
891,15.189767,animation,,frames/frame_0891_15.189767s.jpg,18.5,238.0,255.0,184.31,103.0,149.0,255.0,221.84,255.0,139.0,255.0,300.0
892,15.206400,animation,,frames/frame_0892_15.206400s.jpg,43.5,244.5,255.0,182.98,100.5,148.0,255.0,221.55,224.5,110.0,255.0,287.38
893,15.223033,animation,,frames/frame_0893_15.223033s.jpg,60.0,254.0,255.0,180.31,77.0,150.0,255.0,215.39,230.0,115.0,255.0,289.29
894,15.239667,animation,,frames/frame_0894_15.239667s.jpg,68.0,255.0,255.0,180.0,83.5,162.0,255.0,212.54,251.5,124.5,255.0,298.39
895,15.256300,animation,,frames/frame_0895_15.256300s.jpg,90.0,255.0,255.0,180.0,81.0,174.5,255.0,207.76,237.0,118.5,255.0,292.09
896,15.272933,animation,,frames/frame_0896_15.272933s.jpg,36.5,253.5,255.0,180.41,65.5,173.0,255.0,205.96,239.5,125.5,255.0,292.82
897,15.289567,animation,,frames/frame_0897_15.289567s.jpg,41.0,255.0,255.0,180.0,43.0,179.5,255.0,201.37,205.5,113.0,255.0,279.08
898,15.306200,animation,,frames/frame_0898_15.306200s.jpg,50.0,255.0,255.0,180.0,19.0,146.5,255.0,207.58,231.5,139.0,255.0,287.84
899,15.322833,animation,,frames/frame_0899_15.322833s.jpg,66.0,255.0,255.0,180.0,21.5,149.5,255.0,207.11,229.5,137.5,255.0,286.98
900,15.339467,animation,,frames/frame_0900_15.339467s.jpg,140.0,255.0,255.0,180.0,24.5,155.5,255.0,205.9,212.5,136.5,255.0,278.48
901,15.356100,animation,,frames/frame_0901_15.356100s.jpg,122.5,255.0,255.0,180.0,32.5,167.0,255.0,203.73,208.0,137.5,255.0,276.0
902,15.372733,animation,,frames/frame_0902_15.372733s.jpg,123.5,255.0,255.0,180.0,33.0,203.5,255.0,193.92,190.0,138.0,255.0,266.67
903,15.389367,animation,,frames/frame_0903_15.389367s.jpg,146.0,255.0,255.0,180.0,18.0,211.0,255.0,191.14,178.5,138.0,255.0,260.77
904,15.406000,animation,,frames/frame_0904_15.406000s.jpg,62.0,255.0,255.0,180.0,28.5,225.0,255.0,187.95,186.5,142.0,255.0,263.63
905,15.422633,animation,,frames/frame_0905_15.422633s.jpg,60.5,255.0,255.0,180.0,17.5,223.0,255.0,188.08,169.5,148.5,255.0,251.83
906,15.439267,animation,,frames/frame_0906_15.439267s.jpg,54.0,255.0,254.5,179.85,13.0,213.0,255.0,190.41,155.5,160.0,255.0,237.29
907,15.455900,animation,,frames/frame_0907_15.455900s.jpg,55.0,255.0,253.5,179.55,15.5,209.0,255.0,191.52,123.0,129.5,255.0,237.05
908,15.472533,animation,,frames/frame_0908_15.472533s.jpg,131.0,255.0,255.0,180.0,16.5,227.0,255.0,187.04,89.5,115.5,255.0,230.57
909,15.489167,animation,,frames/frame_0909_15.489167s.jpg,116.5,255.0,255.0,180.0,15.5,229.5,255.0,186.39,92.0,125.0,255.0,227.85
910,15.505800,animation,,frames/frame_0910_15.505800s.jpg,117.5,255.0,254.0,179.56,33.5,253.5,255.0,180.41,71.5,128.0,255.0,221.53
911,15.522433,animation,,frames/frame_0911_15.522433s.jpg,102.5,255.0,253.5,179.41,31.0,252.0,255.0,180.8,74.0,123.5,255.0,223.59
912,15.539067,animation,,frames/frame_0912_15.539067s.jpg,64.0,255.0,227.5,171.36,37.0,252.0,255.0,180.83,70.0,158.5,255.0,211.3
913,15.555700,animation,,frames/frame_0913_15.555700s.jpg,70.0,255.0,225.5,170.43,45.0,254.5,255.0,180.14,57.0,129.5,255.0,218.03
914,15.572333,animation,,frames/frame_0914_15.572333s.jpg,51.0,255.0,206.0,165.59,13.0,252.5,255.0,180.62,52.5,152.0,255.0,210.52
915,15.588967,animation,,frames/frame_0915_15.588967s.jpg,50.5,255.0,219.5,169.58,17.5,254.0,255.0,180.25,50.0,151.5,255.0,210.29
916,15.605600,animation,,frames/frame_0916_15.605600s.jpg,118.0,255.0,245.0,175.62,28.0,255.0,255.0,180.0,41.5,134.5,255.0,213.86
917,15.622233,animation,,frames/frame_0917_15.622233s.jpg,115.0,255.0,243.0,174.86,39.5,253.0,255.0,180.56,40.5,146.0,255.0,210.49
918,15.638867,animation,,frames/frame_0918_15.638867s.jpg,103.5,255.0,233.0,171.29,94.5,255.0,255.0,180.0,33.5,152.5,255.0,207.77
919,15.655500,animation,,frames/frame_0919_15.655500s.jpg,92.5,255.0,222.0,167.82,81.5,255.0,255.0,180.0,33.0,175.5,255.0,201.49
920,15.672133,animation,,frames/frame_0920_15.672133s.jpg,70.0,255.0,179.0,155.35,74.0,255.0,255.0,180.0,35.5,180.5,255.0,200.36
